11BN0001,NULL,11BN,CML103/B73,NULL,10NN0001_001s,NIL-1001,17,101,A,NULL,10,2,NULL,Screen,3/Region:100-110/H(6: 21.32cM) B(3: 93.21cM),31
11BN0002,NULL,11BN,CML103/B73,NULL,10NN0003_001s,NIL-1003,17,102,A,NULL,10,2,NULL,Screen,1/Region: 160-180/B(l: 159.66CM),31
11BN0003,NULL,11BN,CML103/B73,NULL,10NN0005_001s,NIL-1005,17,103,A,NULL,10,2,NULL,Screen,1/Region: 80-100/H(l: 69.76cM) H(l: 100.29cM) H(l: 104.49cM) B(4: 58.06cM) B(4: 60.65cM) H(l: 73.43cM),31
11BN0004,NULL,11BN,CML103/B73,NULL,10NN0007_001s,NIL-1008,17,104,A,NULL,10,2,NULL,Screen,1/Region: 60-80/B(7:101.29cM) H(l: 100.29cM) B(l: 81.16cM) H(l: 104.49cM) H(7:114.01cM),31
11BN0005,NULL,11BN,CML103/B73,NULL,10NN0009_001s,NIL-1015,17,105,A,NULL,10,2,NULL,Screen,7/Region: 40-50/None,31
11BN0006,NULL,11BN,CML103/B73,NULL,10NN0011_001s,NIL-1016,17,106,A,NULL,10,2,NULL,Screen,7/Region: 60-70/None,31
11BN0007,NULL,11BN,CML103/B73,NULL,10NN0013_001s,NIL-1020,17,107,A,NULL,10,2,NULL,Screen,6/Region: 30-40/H(5: OcM) H(9:39.28cM) H(9:46.44cM),31
11BN0008,NULL,11BN,CML103/B73,NULL,10NN0015_001s,NIL-1027,17,108,A,NULL,10,2,NULL,Screen,2/Region: 90-100/H(2: 89.64cM),31
11BN0009,NULL,11BN,CML103/B73,NULL,10NN0017_001s,NIL-1052,17,109,A,NULL,10,2,NULL,Screen,3/Region: 60-70/None,31
11BN0010,NULL,11BN,CML103/B73,NULL,10NN0019_001s,NIL-1078,17,110,A,NULL,10,2,NULL,Screen,3/Region: 110-120/B(3:101.16cM) H(3: 121.12cM),31
11BN0011,NULL,11BN,CML103/B73,NULL,10NN0021_001s,NIL-1082,17,111,A,NULL,10,2,NULL,Screen,5/Region: 70-80/B(5: 39.87cM) B(5: 103.09cM) H(5: 108.84cM) H(3:101.16cM),31
11BN0012,NULL,11BN,CML103/B73,NULL,10NN0023_001s,NIL-1098,17,112,A,NULL,10,2,NULL,Screen,8/Region: 70-80/B(8: 57.28CM) H(4: 72.87cM),31
11BN0013,NULL,11BN,CML103/B73,NULL,10NN0025_001s,NIL-1100,17,113,A,NULL,10,2,NULL,Screen,4/Region: 70-80/H(8: 57.28CM) H(8: 71.94cM)                                                      ,31
11BN0014,NULL,11BN,CML103/B73,NULL,10NN0027_001s,NIL-1153,17,114,A,NULL,10,2,NULL,Screen,6/Region: 80-90/None,31
11BN0015,NULL,11BN,CML103/B73,NULL,10NN0029_001s,NIL-1159,17,115,A,NULL,10,2,NULL,Screen,1/Region: 140-160/None,31
11BN0016,NULL,11BN,CML103/B73,NULL,10NN0031_001s,NIL-1171,17,116,A,NULL,10,2,NULL,Screen,9/Region: 0-20/H(4: 65.34cM) H(4: 65.25cM),31
11BN0017,NULL,11BN,CML103/B73,NULL,10NN0033_001s,NIL-1210,17,117,A,NULL,10,2,NULL,Screen,7/Region: 110-120/B(7:101.29cM),31
11BN0018,NULL,11BN,CML103/B73,NULL,10NN0035_001s,NIL-1218,17,118,A,NULL,10,2,NULL,Screen,1/Region: 40-60/B(4: 65.34cM) B(4: 65.25cM) B(6:75.8cM),31
11BN0019,NULL,11BN,CML103/B73,NULL,10NN0037_001s,NIL-1224,17,119,A,NULL,10,2,NULL,Screen,3/Region: 50-60/H(l: 170.29cM),31
11BN0020,NULL,11BN,CML103/B73,NULL,10NN0039_001s,NIL-1233,17,120,A,NULL,10,2,NULL,Screen,5/Region: 50-60/None,31
11BN0021,NULL,11BN,CML103/B73,NULL,10NN0041_001s,NIL-1260,17,121,A,NULL,10,2,NULL,Screen,5/Region: 40-50/None,31
11BN0022,NULL,11BN,CML103/B73,NULL,10NN0043_001s,NIL-1282,17,122,A,NULL,10,2,NULL,Screen,6/Region: 70-80/None,31
11BN0023,NULL,11BN,CML103/B73,NULL,10NN0045_001s,NIL-1288,17,123,A,NULL,10,2,NULL,Screen,4/Region: 50-60/H(4: 65.34cM) H(4: 60.65cM) H(4: 65.25cM),31
11BN0024,NULL,11BN,CML103/B73,NULL,10NN0047_001s,NIL-1306,17,124,A,NULL,10,2,NULL,Screen,4/Region: 30-40/H(10:51cM) H(10:25.04cM) H(10:51.16cM) H(10:38.76cM),31
11BN0025,NULL,11BN,CML103/B73,NULL,10NN0049_001s,NIL-1324,17,125,A,NULL,10,2,NULL,Screen,8/Region: 50-60/B(8: 71.94cM) H(8:40.53cM),31
11BN0026,NULL,11BN,CML103/B73,NULL,10NN0051_001s,NIL-1327,17,126,A,NULL,10,2,NULL,Screen,8/Region: 40-50/H(8: 57.28cM) B(8: 50.51cM) H(8:71.94cM) B(l: 173.03cM),31
11BN0027,NULL,11BN,CML103/B73,NULL,10NN0053_001s,NIL-1330,17,127,A,NULL,10,2,NULL,Screen,7/Region: 50-60/B(6:21.32cM),31
11BN0028,NULL,11BN,CML103/B73,NULL,10NN0055_001s,NIL-1331,17,128,A,NULL,10,2,NULL,Screen,5/Region: 80-90/H(8:15.09cM) H(4: 109.97cM) H(8:5.09cM) H(8:28.28cM) H(8:0.82cM),31
11BN0029,NULL,11BN,CML103/B73,NULL,10NN0057_001s,NIL-1340,17,129,A,NULL,10,2,NULL,Screen,1/Region: 20-40/B(l: 81.16cM) H(6: 67.17cM),31
11BN0030,NULL,11BN,CML103/B73,NULL,10NN0059_001s,NIL-1345,17,130,A,NULL,10,2,NULL,Screen,6/Region: 40-50/H(5: 61.32cM) B(6: 70.79cM) H(10: 97.9cM) H(3: 19.62cM) B(6: 67.17cM),31
11BN0031,NULL,11BN,CML228/B73,NULL,10NN0061_001s,NIL-1006,17,131,B,NULL,10,3,NULL,Screen,1/Region: 140-160/H(8:5.09cM) H(8: OcM) H(2: 10.2cM),31
11BN0032,NULL,11BN,CML228/B73,NULL,10NN0063_001s,NIL-1023,17,132,B,NULL,10,3,NULL,Screen,2/Region: 10-20/B(2: 5.74cM) H(l: 73.43cM),31
11BN0033,NULL,11BN,CML228/B73,NULL,10NN0065_001s,NIL-1028,17,133,B,NULL,10,3,NULL,Screen,1/Region: 100-120/B(l: 99.58cM),31
11BN0034,NULL,11BN,CML228/B73,NULL,10NN0067_001s,NIL-1038,17,134,B,NULL,10,3,NULL,Screen,1/Region: 160-180/H(4: 57.28cM) H(2:10.2cM),31
11BN0035,NULL,11BN,CML228/B73,NULL,10NN0069_001s,NIL-1041,17,135,B,NULL,10,3,NULL,Screen,4/Region: 50-60/B(4:48.49cM) B(4:45.82cM),31
11BN0036,NULL,11BN,CML228/B73,NULL,10NN0071_001s,NIL-1045,17,136,B,NULL,10,3,NULL,Screen,6/Region: 30-40/H(5:79.14cM),31
11BN0037,NULL,11BN,CML228/B73,NULL,10NN0073_001s,NIL-1049,17,137,B,NULL,10,3,NULL,Screen,3/Region: 60-70/None,31
11BN0038,NULL,11BN,CML228/B73,NULL,10NN0075_001s,NIL-1068,17,138,B,NULL,10,3,NULL,Screen,4/Region: 70-80/B(4: 65.34cM) B(4: 65.25cM),31
11BN0039,NULL,11BN,CML228/B73,NULL,10NN0077_001s,NIL-1077,17,139,B,NULL,10,3,NULL,Screen,3/Region: 110-120/H(3: 33.54cM),31
11BN0040,NULL,11BN,CML228/B73,NULL,10NN0079_001s,NIL-1085,17,140,B,NULL,10,3,NULL,Screen,3/Region: 30-40/None,31
11BN0041,NULL,11BN,CML228/B73,NULL,10NN0081_001s,NIL-1087,17,141,B,NULL,10,3,NULL,Screen,7/Region: 60-70/B(3:113.05cM),31
11BN0042,NULL,11BN,CML228/B73,NULL,10NN0083_001s,NIL-1102,17,142,B,NULL,10,3,NULL,Screen,1/Region: 20-40/None,31
11BN0043,NULL,11BN,CML228/B73,NULL,10NN0085_001s,NIL-1110,17,143,B,NULL,10,3,NULL,Screen,8/Region: 50-60/B(8: 63.71cM),31
11BN0044,NULL,11BN,CML228/B73,NULL,10NN0087_001s,NIL-1110,17,144,B,NULL,10,3,NULL,Screen,8/Region: 60-70/B(8: 56.12CM) B(8:57.28cM),31
11BN0045,NULL,11BN,CML228/B73,NULL,10NN0089_001s,NIL-1118,17,145,B,NULL,10,3,NULL,Screen,1/Region: 40-60/None,31
11BN0046,NULL,11BN,CML228/B73,NULL,10NN0091_001s,NIL-1128,17,146,B,NULL,10,3,NULL,Screen,7/Region: 110-120/H(l: 47.46cM),31
11BN0047,NULL,11BN,CML228/B73,NULL,10NN0093_001s,NIL-1134,17,147,B,NULL,10,3,NULL,Screen,3/Region: 50-60/H(5: OcM) B(l: 28.57cM) B(l: 24.09cM),31
11BN0048,NULL,11BN,CML228/B73,NULL,10NN0095_001s,NIL-1142,17,148,B,NULL,10,3,NULL,Screen,5/Region: 50-60/H(5: 82.47cM),31
11BN0049,NULL,11BN,CML228/B73,NULL,10NN0097_001s,NIL-1143,17,149,B,NULL,10,3,NULL,Screen,5/Region: 80-90/None,31
11BN0050,NULL,11BN,CML228/B73,NULL,10NN0099_001s,NIL-1179,17,150,B,NULL,10,3,NULL,Screen,6/Region: 80-90/H(10:49.1cM),31
11BN0051,NULL,11BN,CML228/B73,NULL,10NN0101_001s,NIL-1214,17,151,B,NULL,10,3,NULL,Screen,2/Region: 90-100/B(7: 39.47cM),31
11BN0052,NULL,11BN,CML228/B73,NULL,10NN0103_001s,NIL-1215,17,152,B,NULL,10,3,NULL,Screen,7/Region: 30-40/None,31
11BN0053,NULL,11BN,CML228/B73,NULL,10NN0105_001s,NIL-1230,17,153,B,NULL,10,3,NULL,Screen,1/Region: 80-100/B(l: 100.29cM) H(8: OcM),31
11BN0054,NULL,11BN,CML228/B73,NULL,10NN0107_001s,NIL-1231,17,154,B,NULL,10,3,NULL,Screen,1/Region: 60-80/None,31
11BN0055,NULL,11BN,CML247/B73,NULL,10NN0109_001s,NIL-1002,17,155,C,NULL,10,4,NULL,Screen,3/Region: 40-50/H(3: 55.35cM) H(3: 54.75cM),31
11BN0056,NULL,11BN,CML247/B73,NULL,10NN0111_001s,NIL-1018,17,156,C,NULL,10,4,NULL,Screen,7/Region: 110-120/B(7:106.45cM),31
11BN0057,NULL,11BN,CML247/B73,NULL,10NN0113_001s,NIL-1024,17,157,C,NULL,10,4,NULL,Screen,5/Region: 40-50/H(5: 39.87CM) B(l: 143.18cM) B(5: 51.87cM),31
11BN0058,NULL,11BN,CML247/B73,NULL,10NN0115_001s,NIL-1024,17,158,C,NULL,10,4,NULL,Screen,5/Region: 50-60/H(5: 39.87CM) B(5: 48.07cM) B(l: 143.18cM),31
11BN0059,NULL,11BN,CML247/B73,NULL,10NN0117_001s,NIL-1027,17,159,C,NULL,10,4,NULL,Screen,1/Region: 160-180/H(4: 86.76cM),31
11BN0060,NULL,11BN,CML247/B73,NULL,10NN0119_001s,NIL-1045,17,160,C,NULL,10,4,NULL,Screen,7/Region: 40-50/H(2: 93.47cM) H(2: 89.64cM) H(2: 89.67cM),31
11BN0061,NULL,11BN,CML247/B73,NULL,10NN0121_001s,NIL-1073,17,161,C,NULL,10,4,NULL,Screen,7/Region: 30-40/B(7:43.72cM),31
11BN0062,NULL,11BN,CML247/B73,NULL,10NN0123_001s,NIL-1080,17,162,C,NULL,10,4,NULL,Screen,2/Region: 90-100/None,31
11BN0063,NULL,11BN,CML247/B73,NULL,10NN0125_001s,NIL-1086,17,163,C,NULL,10,4,NULL,Screen,1/Region: 140-160/None,31
11BN0064,NULL,11BN,CML247/B73,NULL,10NN0127_001s,NIL-1130,17,164,C,NULL,10,4,NULL,Screen,6/Region: 80-90/H(8:57.28CM),31
11BN0065,NULL,11BN,CML247/B73,NULL,10NN0129_001s,NIL-1137,17,165,C,NULL,10,4,NULL,Screen,3/Region: 110-120/H(3:101.16cM),31
11BN0066,NULL,11BN,CML247/B73,NULL,10NN0131_001s,NIL-1140,17,166,C,NULL,10,4,NULL,Screen,1/Region: 20-40/H(l: 43.23cM),31
11BN0067,NULL,11BN,CML247/B73,NULL,10NN0133_001s,NIL-1141,17,167,C,NULL,10,4,NULL,Screen,1/Region: 40-60/None,31
11BN0068,NULL,11BN,CML247/B73,NULL,10NN0135_001s,NIL-1152,17,168,C,NULL,10,4,NULL,Screen,5/Region: 80-90/None,31
11BN0069,NULL,11BN,CML247/B73,NULL,10NN0137_001s,NIL-1159,17,169,C,NULL,10,4,NULL,Screen,4/Region: 20-30/H(4:0.33cM) H(4:12.64cM),31
11BN0070,NULL,11BN,CML247/B73,NULL,10NN0139_001s,NIL-1165,17,170,C,NULL,10,4,NULL,Screen,3/Region: 30-40/H(3:25.64cM),31
11BN0071,NULL,11BN,CML247/B73,NULL,10NN0141_001s,NIL-1185,17,171,C,NULL,10,4,NULL,Screen,3/Region: 60-70/B(3:70.2cM) B(3:54.75cM),31
11BN0072,NULL,11BN,CML247/B73,NULL,10NN0143_001s,NIL-1197,17,172,C,NULL,10,4,NULL,Screen,8/Region: 50-60/None,31
11BN0073,NULL,11BN,CML247/B73,NULL,10NN0145_001s,NIL-1201,17,173,C,NULL,10,4,NULL,Screen,6/Region: 30-40/None,31
11BN0074,NULL,11BN,CML247/B73,NULL,10NN0147_001s,NIL-1208,17,174,C,NULL,10,4,NULL,Screen,3/Region:100-110/H(2: OcM),31
11BN0075,NULL,11BN,CML247/B73,NULL,10NN0149_001s,NIL-1223,17,175,C,NULL,10,4,NULL,Screen,3/Region: 50-60/None,31
11BN0076,NULL,11BN,CML247/B73,NULL,10NN0151_001s,NIL-1224,17,176,C,NULL,10,4,NULL,Screen,4/Region: 70-80/H(3:55.35CM) B(9: 39.28cM) H(3: 54.75cM),31
11BN0077,NULL,11BN,CML247/B73,NULL,10NN0153_001s,NIL-1253,17,177,C,NULL,10,4,NULL,Screen,8/Region: 40-50/None,31
11BN0078,NULL,11BN,CML277/B73,NULL,10NN0155_001s,NIL-1008,17,178,D,NULL,10,5,NULL,Screen,2/Region: 20-30/None,31
11BN0079,NULL,11BN,CML277/B73,NULL,10NN0157_001s,NIL-1017,17,179,D,NULL,10,5,NULL,Screen,3/Region: 50-60/B(5: 9.63cM),31
11BN0080,NULL,11BN,CML277/B73,NULL,10NN0159_001s,NIL-1032,17,180,D,NULL,10,5,NULL,Screen,3/Region: 60-70/H(6:92.36cM),31
11BN0081,NULL,11BN,CML277/B73,NULL,10NN0161_001s,NIL-1035,17,181,D,NULL,10,5,NULL,Screen,7/Region: 60-70/None                                                            |,31
11BN0082,NULL,11BN,CML277/B73,NULL,10NN0163_001s,NIL-1049,17,182,D,NULL,10,5,NULL,Screen,1/Region: 160-180/None,31
11BN0083,NULL,11BN,CML277/B73,NULL,10NN0165_001s,NIL-1054,17,183,D,NULL,10,5,NULL,Screen,6/Region: 70-80/B(6: 81.02cM),31
11BN0084,NULL,11BN,CML277/B73,NULL,10NN0167_001s,NIL-1054,17,184,D,NULL,10,5,NULL,Screen,6/Region: 80-90/B(6: 75.8cM),31
11BN0085,NULL,11BN,CML277/B73,NULL,10NN0169_001s,NIL-1057,17,185,D,NULL,10,5,NULL,Screen,7/Region: 110-120/B(7:101.29cM),31
11BN0086,NULL,11BN,CML277/B73,NULL,10NN0171_001s,NIL-1069,17,186,D,NULL,10,5,NULL,Screen,2/Region: 100-110/H(l: 143.18cM) H(l: 174.1cM) H(l: 173.03cM),31
11BN0087,NULL,11BN,CML277/B73,NULL,10NN0173_001s,NIL-1091,17,187,D,NULL,10,5,NULL,Screen,1/Region: 80-100/None,31
11BN0088,NULL,11BN,CML277/B73,NULL,10NN0175_001s,NIL-1092,17,188,D,NULL,10,5,NULL,Screen,3/Region: 110-120/H(8: 50.51cM) H(8: 42.91cM) H(8: 40.53cM) H(10: 51.16cM) H(10:58.46cM),31
11BN0089,NULL,11BN,CML277/B73,NULL,10NN0177_001s,NIL-1094,17,189,D,NULL,10,5,NULL,Screen,1/Region: 20-40/H(10:58.46cM),31
11BN0090,NULL,11BN,CML277/B73,NULL,10NN0179_001s,NIL-1108,17,190,D,NULL,10,5,NULL,Screen,4/Region: 50-60/H(4: 60.65cM),31
11BN0091,NULL,11BN,CML277/B73,NULL,10NN0181_001s,NIL-1131,17,191,D,NULL,10,5,NULL,Screen,6/Region: 30-40/None,31
11BN0092,NULL,11BN,CML277/B73,NULL,10NN0183_001s,NIL-1132,17,192,D,NULL,10,5,NULL,Screen,8/Region: 50-60/B(8:42.91cM),31
11BN0093,NULL,11BN,CML277/B73,NULL,10NN0185_001s,NIL-1181,17,193,D,NULL,10,5,NULL,Screen,7/Region: 30-40/H(7: 28.1cM),31
11BN0094,NULL,11BN,CML277/B73,NULL,10NN0187_001s,NIL-1234,17,194,D,NULL,10,5,NULL,Screen,l/Region: 40-60/H(l: 28.57cM),31
11BN0095,NULL,11BN,CML277/B73,NULL,10NN0189_001s,NIL-1283,17,195,D,NULL,10,5,NULL,Screen,8/Region: 40-50/H(3: OcM) H(9: 46.44cM),31
11BN0096,NULL,11BN,CML277/B73,NULL,10NN0191_001s,NIL-1300,17,196,D,NULL,10,5,NULL,Screen,1/Region: 140-160/H(l: 138.32cM) H(l: 137.82cM),31
11BN0097,NULL,11BN,CML277/B73,NULL,10NN0193_001s,NIL-1310,17,197,D,NULL,10,5,NULL,Screen,5/Region: 70-80/B(5:82.47CM) H(5:28.57cM),31
11BN0098,NULL,11BN,CML277/B73,NULL,10NN0195_001s,NIL-1310,17,198,D,NULL,10,5,NULL,Screen,5/Region: 80-90/B(5: 77.93cM) H(5: 28.57cM),31
11BN0099,NULL,11BN,CML322/B73,NULL,10NN0197_001s,NIL-1004,17,199,E,NULL,10,6,NULL,Screen,7/Region: 50-60/H(7: 61.31cM) B(7: 67.39cM) H(8: 112.35cM),31
11BN0100,NULL,11BN,CML322/B73,NULL,10NN0199_001s,NIL-1018,17,200,E,NULL,10,6,NULL,Screen,1/Region: 60-80/B(4:31.72CM) B(3:54.75cM),31
11BN0101,NULL,11BN,CML322/B73,NULL,10NN0201_001s,NIL-1060,18,101,E,NULL,10,6,NULL,Screen,4/Region: 30-40/None,31
11BN0102,NULL,11BN,CML322/B73,NULL,10NN0203_001s,NIL-1062,18,102,E,NULL,10,6,NULL,Screen,1/Region: 100-120/B(l: 99.58cM),31
11BN0103,NULL,11BN,CML322/B73,NULL,10NN0205_001s,NIL-1091,18,103,E,NULL,10,6,NULL,Screen,3/Region: 50-60/H(4:48.49cM) H(4:45.82cM),31
11BN0104,NULL,11BN,CML322/B73,NULL,10NN0207_001s,NIL-1094,18,104,E,NULL,10,6,NULL,Screen,2/Region: 20-30/H(2:5.74cM) H(2: OcM),31
11BN0105,NULL,11BN,CML322/B73,NULL,10NN0209_001s,NIL-1103,18,105,E,NULL,10,6,NULL,Screen,1/Region: 80-100/B(l: 100.29cM) H(l: 73.32cM) H(l: 73.43cM) H(l: 78.17cM),31
11BN0106,NULL,11BN,CML322/B73,NULL,10NN0211_001s,NIL-1137,18,106,E,NULL,10,6,NULL,Screen,4/Region: 50-60/None,31
11BN0107,NULL,11BN,CML322/B73,NULL,10NN0213_001s,NIL-1183,18,107,E,NULL,10,6,NULL,Screen,6/Region: 70-80/B(6:84.65cM) H(6:80.94cM),31
11BN0108,NULL,11BN,CML322/B73,NULL,10NN0215_001s,NIL-1183,18,108,E,NULL,10,6,NULL,Screen,6/Region: 80-90/B(6: 75.8cM),31
11BN0109,NULL,11BN,CML322/B73,NULL,10NN0217_001s,NIL-1185,18,109,E,NULL,10,6,NULL,Screen,6/Region: 30-40/H(5:54.88cM),31
11BN0110,NULL,11BN,CML322/B73,NULL,10NN0219_001s,NIL-1194,18,110,E,NULL,10,6,NULL,Screen,3/Region: 60-70/B(3:54.64cM),31
11BN0111,NULL,11BN,CML322/B73,NULL,10NN0221_001s,NIL-1199,18,111,E,NULL,10,6,NULL,Screen,1/Region: 160-180/H(l: 159.66cM),31
11BN0112,NULL,11BN,CML322/B73,NULL,10NN0223_001s,NIL-1211,18,112,E,NULL,10,6,NULL,Screen,7/Region: 110-120/None,31
11BN0113,NULL,11BN,CML322/B73,NULL,10NN0225_001s,NIL-1214,18,113,E,NULL,10,6,NULL,Screen,8/Region: 40-50/H(5: 91.65cM),31
11BN0114,NULL,11BN,CML322/B73,NULL,10NN0227_001s,NIL-1218,18,114,E,NULL,10,6,NULL,Screen,4/Region: 70-80/None,31
11BN0115,NULL,11BN,CML322/B73,NULL,10NN0229_001s,NIL-1224,18,115,E,NULL,10,6,NULL,Screen,3/Region: 110-120/None,31
11BN0116,NULL,11BN,CML322/B73,NULL,10NN0231_001s,NIL-1247,18,116,E,NULL,10,6,NULL,Screen,3/Region: 30-40/None,31
11BN0117,NULL,11BN,CML322/B73,NULL,10NN0233_001s,NIL-1250,18,117,E,NULL,10,6,NULL,Screen,1/Region: 40-60/H(5: 39.87CM) B(5: 54.88cM) B(5: 51.87cM) H(3:113.05cM),31
11BN0118,NULL,11BN,CML322/B73,NULL,10NN0235_001s,NIL-1255,18,118,E,NULL,10,6,NULL,Screen,5/Region: 50-60/B(5: 39.87cM) H(l: 28.57cM),31
11BN0119,NULL,11BN,CML322/B73,NULL,10NN0237_001s,NIL-1256,18,119,E,NULL,10,6,NULL,Screen,1/Region: 20-40/H(5:39.87cM) H(l:43.23cM) H(5:51.87cM),31
11BN0120,NULL,11BN,CML322/B73,NULL,10NN0239_001s,NIL-1259,18,120,E,NULL,10,6,NULL,Screen,7/Region: 60-70/H(10:43.64cM) H(10:97.9cM) H(10: 82.42cM),31
11BN0121,NULL,11BN,CML333/B73,NULL,10NN0241_001s,NIL-1001,18,121,F,NULL,10,7,NULL,Screen,1/Region: 160-180/None,31
11BN0122,NULL,11BN,CML333/B73,NULL,10NN0243_001s,NIL-1029,18,122,F,NULL,10,7,NULL,Screen,1/Region: 60-80/B(7: 60cM) H(4:12.64cM),31
11BN0123,NULL,11BN,CML333/B73,NULL,10NN0245_001s,NIL-1036,18,123,F,NULL,10,7,NULL,Screen,3/Region: 110-120/H(3:101.16cM) B(3:121.12cM) H(3: 33.54cM),31
11BN0124,NULL,11BN,CML333/B73,NULL,10NN0247_001s,NIL-1047,18,124,F,NULL,10,7,NULL,Screen,7/Region: 50-60/H(7: 30.45cM),31
11BN0125,NULL,11BN,CML333/B73,NULL,10NN0249_001s,NIL-1063,18,125,F,NULL,10,7,NULL,Screen,3/Region: 40-50/B(3: 33.54CM),31
11BN0126,NULL,11BN,CML333/B73,NULL,10NN0251_001s,NIL-1097,18,126,F,NULL,10,7,NULL,Screen,7/Region: 60-70/B(7:82.79cM),31
11BN0127,NULL,11BN,CML333/B73,NULL,10NN0253_001s,NIL-1109,18,127,F,NULL,10,7,NULL,Screen,7/Region: 30-40/B(7:28.1cM),31
11BN0128,NULL,11BN,CML333/B73,NULL,10NN0255_001s,NIL-1115,18,128,F,NULL,10,7,NULL,Screen,8/Region: 50-60/H(3:101.16cM) B(2: 26.47cM),31
11BN0129,NULL,11BN,CML333/B73,NULL,10NN0257_001s,NIL-1124,18,129,F,NULL,10,7,NULL,Screen,2/Region: 90-100/None,31
11BN0130,NULL,11BN,CML333/B73,NULL,10NN0259_001s,NIL-1144,18,130,F,NULL,10,7,NULL,Screen,2/Region: 20-30/None,31
11BN0131,NULL,11BN,CML333/B73,NULL,10NN0261_001s,NIL-1153,18,131,F,NULL,10,7,NULL,Screen,5/Region: 80-90/B(5:91.65cM) H(5:102.46cM),31
11BN0132,NULL,11BN,CML333/B73,NULL,10NN0263_001s,NIL-1160,18,132,F,NULL,10,7,NULL,Screen,7/Region: 110-120/H(4: 92.79CM) H(8: 50.51cM) B(7:101.29cM) B(7:106.45cM),31
11BN0133,NULL,11BN,CML333/B73,NULL,10NN0265_001s,NIL-1210,18,133,F,NULL,10,7,NULL,Screen,6/Region: 70-80/H(6:64.01cM) H(8:112.35cM),31
11BN0134,NULL,11BN,CML333/B73,NULL,10NN0267_001s,NIL-1222,18,134,F,NULL,10,7,NULL,Screen,3/Region: 30-40/None,31
11BN0135,NULL,11BN,CML333/B73,NULL,10NN0269_001s,NIL-1229,18,135,F,NULL,10,7,NULL,Screen,6/Region: 80-90/B(6: 92.36cM),31
11BN0136,NULL,11BN,CML333/B73,NULL,10NN0271_001s,NIL-1246,18,136,F,NULL,10,7,NULL,Screen,1/Region: 40-60/B(l: 143.52cM) B(l: 138.32cM) B(l: 137.82cM),31
11BN0137,NULL,11BN,CML333/B73,NULL,10NN0273_001s,NIL-1248,18,137,F,NULL,10,7,NULL,Screen,1/Region: 140-160/B(l: 138.32cM) B(l: 137.82cM),31
11BN0138,NULL,11BN,CML333/B73,NULL,10NN0275_001s,NIL-1269,18,138,F,NULL,10,7,NULL,Screen,2/Region: 100-110/None,31
11BN0139,NULL,11BN,CML333/B73,NULL,10NN0277_001s,NIL-1274,18,139,F,NULL,10,7,NULL,Screen,1/Region: 20-40/None,31
11BN0140,NULL,11BN,CML333/B73,NULL,10NN0279_001s,NIL-1284,18,140,F,NULL,10,7,NULL,Screen,3/Region:100-110/B(3: 93.21cM),31
11BN0141,NULL,11BN,CML333/B73,NULL,10NN0281_001s,NIL-1289,18,141,F,NULL,10,7,NULL,Screen,5/Region: 50-60/None,31
11BN0142,NULL,11BN,CML333/B73,NULL,10NN0283_001s,NIL-1295,18,142,F,NULL,10,7,NULL,Screen,4/Region: 50-60/H(4:92.79cM) H(6: 37.16cM) H(4:102.02cM) B(4:42.56cM) H(4: 65.25cM) H(6: 38.04cM),31
11BN0143,NULL,11BN,CML333/B73,NULL,10NN0285_001s,NIL-1297,18,143,F,NULL,10,7,NULL,Screen,6/Region: 30-40/B(4: 92.79cM) B(4:102.02cM),31
11BN0144,NULL,11BN,CML333/B73,NULL,10NN0287_001s,NIL-1308,18,144,F,NULL,10,7,NULL,Screen,1/Region: 80-100/None,31
11BN0145,NULL,11BN,CML333/B73,NULL,10NN0289_001s,NIL-1320,18,145,F,NULL,10,7,NULL,Screen,3/Region: 50-60/B(l: 54.97cM) B(1:54.75cM),31
11BN0146,NULL,11BN,CML333/B73,NULL,10NN0291_001s,NIL-1270,18,146,G,NULL,10,8,NULL,Screen,8/Region: 60-70/H(8: 57.28cM) H(8: 50.51cM) H(8: 43.04cM),31
11BN0147,NULL,11BN,CML52/B73,NULL,10NN0293_001s,NIL-1010,18,147,G,NULL,10,8,NULL,Screen,8/Region: 40-50/B(8:57.28CM) B(8: 50.51cM) B(8: 65.48cM),31
11BN0148,NULL,11BN,CML52/B73,NULL,10NN0295_001s,NIL-1010,18,148,G,NULL,10,8,NULL,Screen,8/Region: 50-60/B(8:43.04cM) B(8: 65.48cM),31
11BN0149,NULL,11BN,CML52/B73,NULL,10NN0297_001s,NIL-1016,18,149,G,NULL,10,8,NULL,Screen,5/Region: 40-50/H(5: 61.32cM) B(5:51.87cM),31
11BN0150,NULL,11BN,CML52/B73,NULL,10NN0299_001s,NIL-1016,18,150,G,NULL,10,8,NULL,Screen,5/Region: 50-60/H(5: 61.32cM) B(5:48.56cM),31
11BN0151,NULL,11BN,CML52/B73,NULL,10NN0301_001s,NIL-1033,18,151,G,NULL,10,8,NULL,Screen,6/Region: 30-40/None,31
11BN0152,NULL,11BN,CML52/B73,NULL,10NN0303_001s,NIL-1041,18,152,G,NULL,10,8,NULL,Screen,7/Region: 110-120/None,31
11BN0153,NULL,11BN,CML52/B73,NULL,10NN0305_001s,NIL-1047,18,153,G,NULL,10,8,NULL,Screen,3/Region:100-110/H(9: 30.42cM) B(3: 93.21cM) H(3: 121.12cM) H(3: 113.05cM) H(3: 117.1cM) H(9: 25.9cM),31
11BN0154,NULL,11BN,CML52/B73,NULL,10NN0307_001s,NIL-1069,18,154,G,NULL,10,8,NULL,Screen,5/Region: 80-90/H(5:73.91cM),31
11BN0155,NULL,11BN,CML52/B73,NULL,10NN0309_001s,NIL-1099,18,155,G,NULL,10,8,NULL,Screen,1/Region: 140-160/B(l: 138.32cM),31
11BN0156,NULL,11BN,CML52/B73,NULL,10NN0311_001s,NIL-1104,18,156,G,NULL,10,8,NULL,Screen,1/Region: 20-40/B(9: 71.42cM),31
11BN0157,NULL,11BN,CML52/B73,NULL,10NN0313_001s,NIL-1108,18,157,G,NULL,10,8,NULL,Screen,7/Region: 60-70/H(l: 173.03cM) H(l: 170.29cM),31
11BN0158,NULL,11BN,CML52/B73,NULL,10NN0315_001s,NIL-1113,18,158,G,NULL,10,8,NULL,Screen,1/Region: 160-180/None,31
11BN0159,NULL,11BN,CML52/B73,NULL,10NN0317_001s,NIL-1120,18,159,G,NULL,10,8,NULL,Screen,6/Region: 80-90/None,31
11BN0160,NULL,11BN,CML52/B73,NULL,10NN0319_001s,NIL-1134,18,160,G,NULL,10,8,NULL,Screen,4/Region: 50-60/H(7: 67.39CM),31
11BN0161,NULL,11BN,CML52/B73,NULL,10NN0321_001s,NIL-1143,18,161,G,NULL,10,8,NULL,Screen,2/Region: 100-110/H(5: OcM),31
11BN0162,NULL,11BN,CML52/B73,NULL,10NN0323_001s,NIL-1159,18,162,G,NULL,10,8,NULL,Screen,7/Region: 50-60/H(2: 5.74cM) B(2: 20.92cM) H(3:117.1cM),31
11BN0163,NULL,11BN,CML52/B73,NULL,10NN0325_001s,NIL-1161,18,163,G,NULL,10,8,NULL,Screen,2/Region: 20-30/B(2:5.74cM) H(7: 60cM) H(3:117.1cM),31
11BN0164,NULL,11BN,CML52/B73,NULL,10NN0327_001s,NIL-1174,18,164,G,NULL,10,8,NULL,Screen,3/Region: 110-120/H(9: 71.42cM) B(4:0.33cM) H(4:12.64cM) B(3:121.12cM),31
11BN0165,NULL,11BN,CML52/B73,NULL,10NN0329_001s,NIL-1212,18,165,G,NULL,10,8,NULL,Screen,4/Region: 70-80/None,31
11BN0166,NULL,11BN,CML52/B73,NULL,10NN0331_001s,NIL-1224,18,166,G,NULL,10,8,NULL,Screen,4/Region: 30-40/None,31
11BN0167,NULL,11BN,CML52/B73,NULL,10NN0333_001s,NIL-1225,18,167,G,NULL,10,8,NULL,Screen,l/Region: 40-60/B(4: 73.95cM) B(4: 31.72cM),31
11BN0168,NULL,11BN,CML52/B73,NULL,10NN0335_001s,NIL-1237,18,168,G,NULL,10,8,NULL,Screen,3/Region: 60-70/None,31
11BN0169,NULL,11BN,B73,NULL,08PN0304_000s,NIL-1247,18,169,G,NULL,10,8,NULL,Screen,3/Region: 50-60/None,31
11BN0170,NULL,11BN,CML52/B73,NULL,10NN0339_001s,NIL-1257,18,170,G,NULL,10,8,NULL,Screen,3/Region: 40-50/None,31
11BN0171,NULL,11BN,CML52/B73,NULL,10NN0341_001s,NIL-1258,18,171,G,NULL,10,8,NULL,Screen,2/Region: 90-100/H(3:45.7cM),31
11BN0172,NULL,11BN,CML52/B73,NULL,10NN0343_001s,NIL-1261,18,172,G,NULL,10,8,NULL,Screen,5/Region: 70-80/None,31
11BN0173,NULL,11BN,CML52/B73,NULL,10NN0345_001s,NIL-1305,18,173,G,NULL,10,8,NULL,Screen,1/Region: 60-80/H(8:15.09cM) B(l: 81.16cM) H(8:5.09cM) H(8:0.82cM),31
11BN0174,NULL,11BN,CML52/B73,NULL,10NN0347_001s,NIL-1305,18,174,G,NULL,10,8,NULL,Screen,1/Region: 80-100/H(8:15.09cM) B(l: 78.61cM) H(8: 5.09cM) H(8: 0.82cM) B(l: 78.17cM),31
11BN0175,NULL,11BN,CML52/B73,NULL,10NN0349_001s,NIL-1327,18,175,G,NULL,10,8,NULL,Screen,7/Region: 30-40/None,31
11BN0176,NULL,11BN,CML69/B73,NULL,10NN0351_001s,NIL-1005,18,176,H,NULL,10,9,NULL,Screen,3/Region: 60-70/B(3: 77cM) H(3: 54.75cM),31
11BN0177,NULL,11BN,CML69/B73,NULL,10NN0353_001s,NIL-1009,18,177,H,NULL,10,9,NULL,Screen,5/Region: 80-90/H(l: 137.82cM),31
11BN0178,NULL,11BN,CML69/B73,NULL,10NN0355_001s,NIL-1025,18,178,H,NULL,10,9,NULL,Screen,7/Region: 110-120/B(7:106.45CM),31
11BN0179,NULL,11BN,CML69/B73,NULL,10NN0357_001s,NIL-1032,18,179,H,NULL,10,9,NULL,Screen,1/Region: 40-60/H(4:86.76cM),31
11BN0180,NULL,11BN,CML69/B73,NULL,10NN0359_001s,NIL-1040,18,180,H,NULL,10,9,NULL,Screen,4/Region: 20-30/None,31
11BN0181,NULL,11BN,CML69/B73,NULL,10NN0361_001s,NIL-1048,18,181,H,NULL,10,9,NULL,Screen,1/Region: 160-180/None,31
11BN0182,NULL,11BN,CML69/B73,NULL,10NN0363_001s,NIL-1057,18,182,H,NULL,10,9,NULL,Screen,4/Region: 50-60/None,31
11BN0183,NULL,11BN,CML69/B73,NULL,10NN0365_001s,NIL-1073,18,183,H,NULL,10,9,NULL,Screen,3/Region: 110-120/None,31
11BN0184,NULL,11BN,CML69/B73,NULL,10NN0367_001s,NIL-1080,18,184,H,NULL,10,9,NULL,Screen,2/Region: 90-100/H(3: OcM),31
11BN0185,NULL,11BN,CML69/B73,NULL,10NN0369_001s,NIL-1085,18,185,H,NULL,10,9,NULL,Screen,5/Region: 40-50/H(7: 82.79cM) B(5: 54.88cM),31
11BN0186,NULL,11BN,CML69/B73,NULL,10NN0371_001s,NIL-1085,18,186,H,NULL,10,9,NULL,Screen,5/Region: 50-60/H(7: 82.79cM) B(5:48.56cM),31
11BN0187,NULL,11BN,CML69/B73,NULL,10NN0373_001s,NIL-1118,18,187,H,NULL,10,9,NULL,Screen,7/Region: 60-70/H(5:39.87CM) H(10: 25.04cM) H(3:45.7cM) H(10: 38.76cM) H(3:33.54cM),31
11BN0188,NULL,11BN,B73,NULL,08PN0304_000s,NIL-1120,18,188,H,NULL,10,9,NULL,Screen,3/Region: 40-50/H(5: 39.87cM) B(3: 33.54cM),31
11BN0189,NULL,11BN,B73,NULL,08PN0304_000s,NIL-1124,18,189,H,NULL,10,9,NULL,Screen,3/Region: 50-60/H(3:18.33CM),31
11BN0190,NULL,11BN,CML69/B73,NULL,10NN0379_001s,NIL-1134,18,190,H,NULL,10,9,NULL,Screen,2/Region: 100-110/H(3:121.12cM),31
11BN0191,NULL,11BN,CML69/B73,NULL,10NN0381_001s,NIL-1146,18,191,H,NULL,10,9,NULL,Screen,8/Region: 40-50/H(l: 143.18cM) H(l: 137.82cM),31
11BN0192,NULL,11BN,CML69/B73,NULL,10NN0383_001s,NIL-1147,18,192,H,NULL,10,9,NULL,Screen,7/Region: 30-40/None,31
11BN0193,NULL,11BN,CML69/B73,NULL,10NN0385_001s,NIL-1154,18,193,H,NULL,10,9,NULL,Screen,3/Region: 30-40/H(5:54.88cM),31
11BN0194,NULL,11BN,CML69/B73,NULL,10NN0387_001s,NIL-1180,18,194,H,NULL,10,9,NULL,Screen,1/Region: 20-40/B(l: 18.15cM),31
11BN0195,NULL,11BN,CML69/B73,NULL,10NN0389_001s,NIL-1189,18,195,H,NULL,10,9,NULL,Screen,6/Region: 30-40/H(2: 50.26CM) B(6: 21.32cM) H(6: 81.02cM) H(6: 84.65cM) H(2: 96.44cM) H(2:101.38cM) H(4: 45.82cM),31
11BN0196,NULL,11BN,CML69/B73,NULL,10NN0391_001s,NIL-1194,18,196,H,NULL,10,9,NULL,Screen,1/Region: 80-100/B(l: 100.6cM),31
11BN0197,NULL,11BN,B73,NULL,08PN0304_000s,NIL-1194,18,197,H,NULL,10,9,NULL,Screen,1/Region: 100-120/B(l: 99.58cM),31
11BN0198,NULL,11BN,CML69/B73,NULL,10NN0395_001s,NIL-1213,18,198,H,NULL,10,9,NULL,Screen,1/Region: 140-160/None,31
11BN0199,NULL,11BN,CML69/B73,NULL,10NN0397_001s,NIL-1239,18,199,H,NULL,10,9,NULL,Screen,6/Region: 80-90/B(6: 64.01cM),31
11BN0200,NULL,11BN,CML69/B73,NULL,10NN0399_001s,NIL-1244,18,200,H,NULL,10,9,NULL,Screen,2/Region: 20-30/None,31
11BN0201,NULL,11BN,Ki11/B73,NULL,10NN0401_001s,NIL-1002,19,101,I,NULL,10,12,NULL,Screen,5/Region: 80-90/None,31
11BN0202,NULL,11BN,Ki11/B73,NULL,10NN0403_001s,NIL-1018,19,102,I,NULL,10,12,NULL,Screen,7/Region: 110-120/None,31
11BN0203,NULL,11BN,Ki11/B73,NULL,10NN0405_001s,NIL-1028,19,103,I,NULL,10,12,NULL,Screen,6/Region: 30-40/B(6: 28.21cM),31
11BN0204,NULL,11BN,Ki11/B73,NULL,10NN0407_001s,NIL-1031,19,104,I,NULL,10,12,NULL,Screen,9/Region: 0-20/H(5: 61.32cM) H(4:102.02cM),31
11BN0205,NULL,11BN,Ki11/B73,NULL,10NN0409_001s,NIL-1038,19,105,I,NULL,10,12,NULL,Screen,1/Region: 60-80/None,31
11BN0206,NULL,11BN,Ki11/B73,NULL,10NN0411_001s,NIL-1054,19,106,I,NULL,10,12,NULL,Screen,l/Region: 40-60/H(l: 99.58cM) B(l: 73.43cM),31
11BN0207,NULL,11BN,Ki11/B73,NULL,10NN0413_001s,NIL-1055,19,107,I,NULL,10,12,NULL,Screen,1/Region: 80-100/H(l: 43.23cM) H(1:47.46cM) H(l:73.43cM),31
11BN0208,NULL,11BN,Ki11/B73,NULL,10NN0415_001s,NIL-1062,19,108,I,NULL,10,12,NULL,Screen,1/Region: 20-40/B(l: 43.23cM) H(l: 47.46cM) H(l: 54.75cM),31
11BN0209,NULL,11BN,Ki11/B73,NULL,10NN0417_001s,NIL-1086,19,109,I,NULL,10,12,NULL,Screen,5/Region: 40-50/H(5:39.87cM),31
11BN0210,NULL,11BN,Ki11/B73,NULL,10NN0419_001s,NIL-1090,19,110,I,NULL,10,12,NULL,Screen,6/Region: 70-80/B(6:84.65cM),31
11BN0211,NULL,11BN,Ki11/B73,NULL,10NN0421_001s,NIL-1090,19,111,I,NULL,10,12,NULL,Screen,6/Region: 80-90/B(6: 75.8cM),31
11BN0212,NULL,11BN,B73,NULL,08PN0304_000s,NIL-1096,19,112,I,NULL,10,12,NULL,Screen,5/Region: 50-60/H(5: 61.32cM) B(5: 48.56cM),31
11BN0213,NULL,11BN,Ki11/B73,NULL,10NN0425_001s,NIL-1114,19,113,I,NULL,10,12,NULL,Screen,7/Region: 60-70/None,31
11BN0214,NULL,11BN,Ki11/B73,NULL,10NN0427_001s,NIL-1126,19,114,I,NULL,10,12,NULL,Screen,3/Region: 110-120/H(7: 61.31cM) H(7: 82.79cM) H(7:68.74cM) H(7: 67.39cM) H(7: 38.48cM) H(3:101.16cM) H(2: 89.67cM),31
11BN0215,NULL,11BN,Ki11/B73,NULL,10NN0429_001s,NIL-1128,19,115,I,NULL,10,12,NULL,Screen,3/Region: 100-110/B(10: 25.04cM) B(9: 21.54cM) H(5: 61.32cM) H(l: 137.64cM) B(3:113.05cM) B(2:89.67cM) H(5: 54.52CM),31
11BN0216,NULL,11BN,Ki11/B73,NULL,10NN0431_001s,NIL-1134,19,116,I,NULL,10,12,NULL,Screen,2/Region: 90-100/None,31
11BN0217,NULL,11BN,Ki11/B73,NULL,10NN0433_001s,NIL-1149,19,117,I,NULL,10,12,NULL,Screen,7/Region: 30-40/None,31
11BN0218,NULL,11BN,Ki11/B73,NULL,10NN0435_001s,NIL-1160,19,118,I,NULL,10,12,NULL,Screen,8/Region: 50-60/None,31
11BN0219,NULL,11BN,B73,NULL,08PN0304_000s,NIL-1164,19,119,I,NULL,10,12,NULL,Screen,7/Region: 50-60/H(7: 61.31cM),31
11BN0220,NULL,11BN,B73,NULL,08PN0304_000s,NIL-1170,19,120,I,NULL,10,12,NULL,Screen,3/Region: 50-60/H(3: 70.2cM) H(3:101.16cM),31
11BN0221,NULL,11BN,Ki11/B73,NULL,10NN0441_001s,NIL-1185,19,121,I,NULL,10,12,NULL,Screen,4/Region: 50-60/None,31
11BN0222,NULL,11BN,Ki11/B73,NULL,10NN0443_001s,NIL-1190,19,122,I,NULL,10,12,NULL,Screen,3/Region: 40-50/H(l: 159.66cM),31
11BN0223,NULL,11BN,Ki11/B73,NULL,10NN0445_001s,NIL-1200,19,123,I,NULL,10,12,NULL,Screen,1/Region: 160-180/H(2: 50;26cM) H(2: 46.39cM),31
11BN0224,NULL,11BN,Ki11/B73,NULL,10NN0447_001s,NIL-1203,19,124,I,NULL,10,12,NULL,Screen,1/Region: 140-160/None,31
11BN0225,NULL,11BN,Ki11/B73,NULL,10NN0449_001s,NIL-1225,19,125,I,NULL,10,12,NULL,Screen,3/Region: 30-40/None,31
11BN0226,NULL,11BN,Ki11/B73,NULL,10NN0451_001s,NIL-1231,19,126,I,NULL,10,12,NULL,Screen,4/Region: 70-80/H(2:96.44cM) B(4: 65.25cM),31
11BN0227,NULL,11BN,Ki3/B73,NULL,10NN0453_001s,NIL-1012,19,127,J,NULL,10,13,NULL,Screen,6/Region: 30-40/None,31
11BN0228,NULL,11BN,Ki3/B73,NULL,10NN0455_001s,NIL-1016,19,128,J,NULL,10,13,NULL,Screen,1/Region: 20-40/H(8:15.09cM) H(8: 0.82cM),31
11BN0229,NULL,11BN,Ki3/B73,NULL,10NN0457_001s,NIL-1027,19,129,J,NULL,10,13,NULL,Screen,4/Region: 30-40/None,31
11BN0230,NULL,11BN,Ki3/B73,NULL,10NN0459_001s,NIL-1037,19,130,J,NULL,10,13,NULL,Screen,3/Region: 60-70/H(7: OcM),31
11BN0231,NULL,11BN,Ki3/B73,NULL,10NN0461_001s,NIL-1044,19,131,J,NULL,10,13,NULL,Screen,8/Region: 50-60/B(8:43.22cM),31
11BN0232,NULL,11BN,Ki3/B73,NULL,10NN0463_001s,NIL-1049,19,132,J,NULL,10,13,NULL,Screen,3/Region: 30-40/H(4:109.97cM),31
11BN0233,NULL,11BN,Ki3/B73,NULL,10NN0465_001s,NIL-1068,19,133,J,NULL,10,13,NULL,Screen,6/Region: 70-80/H(l: 100.29CM) H(3: 70.2cM) H(3: 65.75cM),31
11BN0234,NULL,11BN,Ki3/B73,NULL,10NN0467_001s,NIL-1076,19,134,J,NULL,10,13,NULL,Screen,1/Region: 40-60/H(l: 73.43CM),31
11BN0235,NULL,11BN,Ki3/B73,NULL,10NN0469_001s,NIL-1077,19,135,J,NULL,10,13,NULL,Screen,1/Region: 60-80/H(l:54.97cM) H(l:54.75cM),31
11BN0236,NULL,11BN,Ki3/B73,NULL,10NN0471_001s,NIL-1106,19,136,J,NULL,10,13,NULL,Screen,2/Region: 90-100/H(5: OcM),31
11BN0237,NULL,11BN,Ki3/B73,NULL,10NN0473_001s,NIL-1110,19,137,J,NULL,10,13,NULL,Screen,5/Region: 80-90/None,31
11BN0238,NULL,11BN,Ki3/B73,NULL,10NN0475_001s,NIL-1117,19,138,J,NULL,10,13,NULL,Screen,7/Region: 50-60/H(7: 61.31cM),31
11BN0239,NULL,11BN,Ki3/B73,NULL,10NN0477_001s,NIL-1117,19,139,J,NULL,10,13,NULL,Screen,7/Region: 60-70/None,31
11BN0240,NULL,11BN,Ki3/B73,NULL,10NN0479_001s,NIL-1120,19,140,J,NULL,10,13,NULL,Screen,3/Region: 100-110/B(3:93.21cM),31
11BN0241,NULL,11BN,Ki3/B73,NULL,10NN0481_001s,NIL-1123,19,141,J,NULL,10,13,NULL,Screen,1/Region: 160-180/None,31
11BN0242,NULL,11BN,Ki3/B73,NULL,10NN0483_001s,NIL-1140,19,142,J,NULL,10,13,NULL,Screen,7/Region: 110-120/H(2: 66.33cM),31
11BN0243,NULL,11BN,Ki3/B73,NULL,10NN0485_001s,NIL-1158,19,143,J,NULL,10,13,NULL,Screen,5/Region: 40-50/H(4: 92.79cM),31
11BN0244,NULL,11BN,Ki3/B73,NULL,10NN0487_001s,NIL-1163,19,144,J,NULL,10,13,NULL,Screen,4/Region: 50-60/B(7: OcM),31
11BN0245,NULL,11BN,KI3/B73,NULL,10NN0489_001s,NIL-1168,19,145,J,NULL,10,13,NULL,Screen,1/Region: 100-120/None,31
11BN0246,NULL,11BN,Ki3/B73,NULL,10NN0491_001s,NIL-1190,19,146,J,NULL,10,13,NULL,Screen,8/Region: 40-50/None,31
11BN0247,NULL,11BN,Ki3/B73,NULL,10NN0493_001s,NIL-1194,19,147,J,NULL,10,13,NULL,Screen,1/Region: 140-160/H(l: 124.73CM) B(l: 139.36cM) B(l: 173.03cM) B(l: 138.32cM) B(l: 173.22cM),31
11BN0248,NULL,11BN,Ki3/B73,NULL,10NN0495_001s,NIL-1201,19,148,J,NULL,10,13,NULL,Screen,3/Region: 110-120/H(9: 21.54cM) H(3: 33.54cM),31
11BN0249,NULL,11BN,Ki3/B73,NULL,10NN0497_001s,NIL-1207,19,149,J,NULL,10,13,NULL,Screen,5/Region: 70-80/B(4: 65.34CM) H(8: OcM) H(8: 0.82cM) B(4: 65.25cM),31
11BN0250,NULL,11BN,Ki3/B73,NULL,10NN0499_001s,NIL-1212,19,150,J,NULL,10,13,NULL,Screen,4/Region: 70-80/H(9: 71.42cM) H(4: 65.34cM) H(4: 65.25cM),31
11BN0251,NULL,11BN,Ki3/B73,NULL,10NN0501_001s,NIL-1222,19,151,J,NULL,10,13,NULL,Screen,2/Region: 20-30/None,31
11BN0252,NULL,11BN,Ki3/B73,NULL,10NN0503_001s,NIL-1260,19,152,J,NULL,10,13,NULL,Screen,9/Region: 0-20/B(9: 21.54cM) B(9: 22.61cM),31
11BN0253,NULL,11BN,M162W/B73,NULL,10NN0505_001s,NIL-1023,19,153,K,NULL,10,15,NULL,Screen,5/Region: 70-80/H(5: 54.88CM),31
11BN0254,NULL,11BN,M162W/B73,NULL,10NN0507_001s,NIL-1026,19,154,K,NULL,10,15,NULL,Screen,5/Region: 80-90/H(2: 66.33CM) H(2:62.57cM),31
11BN0255,NULL,11BN,M162W/B73,NULL,10NN0509_001s,NIL-1042,19,155,K,NULL,10,15,NULL,Screen,6/Region: 80-90/None,31
11BN0256,NULL,11BN,M162W/B73,NULL,10NN0511_001s,NIL-1057,19,156,K,NULL,10,15,NULL,Screen,1/Region: 160-180/H(10: 49.1cM),31
11BN0257,NULL,11BN,M162W/B73,NULL,10NN0513_001s,NIL-1058,19,157,K,NULL,10,15,NULL,Screen,1/Region: 140-160/H(3:0cM) H(l: 174.1cM) B(l: 138.32cM) H(3: 18.33cM) H(3: 19.62cM),31
11BN0258,NULL,11BN,M162W/B73,NULL,10NN0515_001s,NIL-1063,19,158,K,NULL,10,15,NULL,Screen,4/Region: 30-40/H(4:86.76cM),31
11BN0259,NULL,11BN,M162W/B73,NULL,10NN0517_001s,NIL-1068,19,159,K,NULL,10,15,NULL,Screen,1/Region: 40-60/None,31
11BN0260,NULL,11BN,M162W/B73,NULL,10NN0519_001s,NIL-1089,19,160,K,NULL,10,15,NULL,Screen,1/Region: 60-80/B(9: 89.04cM) B(l: 81.16cM) B(l: 54.75cM),31
11BN0261,NULL,11BN,M162W/B73,NULL,10NN0521_001s,NIL-1094,19,161,K,NULL,10,15,NULL,Screen,7/Region: 110-120/None,31
11BN0262,NULL,11BN,M162W/B73,NULL,10NN0523_001s,NIL-1109,19,162,K,NULL,10,15,NULL,Screen,4/Region: 50-60/H(3: 33.54cM),31
11BN0263,NULL,11BN,M162W/B73,NULL,10NN0525_001s,NIL-1110,19,163,K,NULL,10,15,NULL,Screen,3/Region: 30-40/None,31
11BN0264,NULL,11BN,M162W/B73,NULL,10NN0527_001s,NIL-1112,19,164,K,NULL,10,15,NULL,Screen,3/Region: 60-70/H(3:113.05cM),31
11BN0265,NULL,11BN,M162W/B73,NULL,10NN0529_001s,NIL-1160,19,165,K,NULL,10,15,NULL,Screen,3/Region: 50-60/H(9: 25.83cM),31
11BN0266,NULL,11BN,M162W/B73,NULL,10NN0531_001s,NIL-1177,19,166,K,NULL,10,15,NULL,Screen,8/Region: 40-50/B(8:15.09cM),31
11BN0267,NULL,11BN,M162W/B73,NULL,10NN0533_001s,NIL-1198,19,167,K,NULL,10,15,NULL,Screen,1/Region: 80-100/H(2:46.39cM) H(2: 32.19cM),31
11BN0268,NULL,11BN,M162W/B73,NULL,10NN0535_001s,NIL-1199,19,168,K,NULL,10,15,NULL,Screen,2/Region: 20-30/B(2: 32.19cM),31
11BN0269,NULL,11BN,M162W/B73,NULL,10NN0537_001s,NIL-1209,19,169,K,NULL,10,15,NULL,Screen,2/Region: 90-100/None,31
11BN0270,NULL,11BN,M162W/B73,NULL,10NN0539_001s,NIL-1211,19,170,K,NULL,10,15,NULL,Screen,2/Region: 10-20/H(9:25.83cM),31
11BN0271,NULL,11BN,M162W/B73,NULL,10NN0541_001s,NIL-1218,19,171,K,NULL,10,15,NULL,Screen,6/Region: 30-40/H(7:82.79CM) H(7: 68.74cM),31
11BN0272,NULL,11BN,M162W/B73,NULL,10NN0543_001s,NIL-1221,19,172,K,NULL,10,15,NULL,Screen,7/Region: 60-70/None,31
11BN0273,NULL,11BN,M162W/B73,NULL,10NN0545_001s,NIL-1232,19,173,K,NULL,10,15,NULL,Screen,7/Region: 30-40/None,31
11BN0274,NULL,11BN,M162W/B73,NULL,10NN0547_001s,NIL-1233,19,174,K,NULL,10,15,NULL,Screen,8/Region: 50-60/H(7: 39.47cM),31
11BN0275,NULL,11BN,M162W/B73,NULL,10NN0549_001s,NIL-1254,19,175,K,NULL,10,15,NULL,Screen,5/Region: 50-60/None,31
11BN0276,NULL,11BN,M162W/B73,NULL,10NN0551_001s,NIL-1257,19,176,K,NULL,10,15,NULL,Screen,3/Region: 100-110/B(3: 70.34cM) B(3: 93.21cM),31
11BN0277,NULL,11BN,M162W/B73,NULL,10NN0553_001s,NIL-1265,19,177,K,NULL,10,15,NULL,Screen,1/Region: 100-120/H(10: 67.56cM) H(l: 81.16cM) H(10: 63.73cM) H(l: 99.58cM) B(l: 138.32cM) B(5: 70.53cM) H(10:104.74cM),31
11BN0278,NULL,11BN,M162W/B73,NULL,10NN0555_001s,NIL-1282,19,178,K,NULL,10,15,NULL,Screen,7/Region: 50-60/None,31
11BN0279,NULL,11BN,Mo17/B73,NULL,10NN0557_001s,NIL-1007,19,179,L,NULL,10,17,NULL,Screen,4/Region: 50-60/None,31
11BN0280,NULL,11BN,Mo17/B73,NULL,10NN0559_001s,NIL-1035,19,180,L,NULL,10,17,NULL,Screen,6/Region: 30-40/H(2: 89.64CM) H(2:89.53cM),31
11BN0281,NULL,11BN,Mo17/B73,NULL,10NN0561_001s,NIL-1041,19,181,L,NULL,10,17,NULL,Screen,1/Region: 60-80/None,31
11BN0282,NULL,11BN,Mo17/B73,NULL,10NN0563_001s,NIL-1055,19,182,L,NULL,10,17,NULL,Screen,2/Region: 90-100/B(2:89.67cM),31
11BN0283,NULL,11BN,Mo17/B73,NULL,10NN0565_001s,NIL-1122,19,183,L,NULL,10,17,NULL,Screen,2/Region: 20-30/None,31
11BN0284,NULL,11BN,Mo17/B73,NULL,10NN0567_001s,NIL-1129,19,184,L,NULL,10,17,NULL,Screen,2/Region: 10-20/H(2:5.74CM) H(2: 5.54cM),31
11BN0285,NULL,11BN,Mo17/B73,NULL,10NN0569_001s,NIL-1136,19,185,L,NULL,10,17,NULL,Screen,3/Region: 100-110/B(3:93.21cM) H(3: 33.54cM),31
11BN0286,NULL,11BN,Mo17/B73,NULL,10NN0571_001s,NIL-1141,19,186,L,NULL,10,17,NULL,Screen,6/Region: 40-50/H(6: 30.46CM) H(6: 38.89cM) H(6: 38.04cM),31
11BN0287,NULL,11BN,Mo17/B73,NULL,10NN0573_001s,NIL-1156,19,187,L,NULL,10,17,NULL,Screen,1/Region: 100-120/H(6:46.61cM),31
11BN0288,NULL,11BN,Mo17/B73,NULL,10NN0575_001s,NIL-1161,19,188,L,NULL,10,17,NULL,Screen,4/Region: 70-80/B(4: 60.65cM),31
11BN0289,NULL,11BN,Mo17/B73,NULL,10NN0577_001s,NIL-1165,19,189,L,NULL,10,17,NULL,Screen,6/Region: 80-90/None,31
11BN0290,NULL,11BN,Mo17/B73,NULL,10NN0579_001s,NIL-1221,19,190,L,NULL,10,17,NULL,Screen,3/Region: 30-40/H(4:12.64cM),31
11BN0291,NULL,11BN,Mo17/B73,NULL,10NN0581_001s,NIL-1230,19,191,L,NULL,10,17,NULL,Screen,8/Region: 40-50/B(8: 56.12cM) H(2: 46.39cM) H(2: 32.19cM) H(5: 23.14cM),31
11BN0292,NULL,11BN,Mo17/B73,NULL,10NN0583_001s,NIL-1230,19,192,L,NULL,10,17,NULL,Screen,8/Region: 50-60/H(2:46.39CM) H(2:32.19cM) H(5: 23.14cM) B(8:42.94cM),31
11BN0293,NULL,11BN,Mo17/B73,NULL,10NN0585_001s,NIL-1244,19,193,L,NULL,10,17,NULL,Screen,1/Region: 20-40/None,31
11BN0294,NULL,11BN,Mo17/B73,NULL,10NN0587_001s,NIL-1256,19,194,L,NULL,10,17,NULL,Screen,7/Region: 60-70/H(4:45.82CM),31
11BN0295,NULL,11BN,Mo17/B73,NULL,10NN0589_001s,NIL-1274,19,195,L,NULL,10,17,NULL,Screen,6/Region: 70-80/None,31
11BN0296,NULL,11BN,Mo17/B73,NULL,10NN0591_001s,NIL-1288,19,196,L,NULL,10,17,NULL,Screen,5/Region: 70-80/None,31
11BN0297,NULL,11BN,Mo17/B73,NULL,10NN0593_001s,NIL-1291,19,197,L,NULL,10,17,NULL,Screen,3/Region: 110-120/None,31
11BN0298,NULL,11BN,Mo17/B73,NULL,10NN0595_001s,NIL-1316,19,198,L,NULL,10,17,NULL,Screen,1/Region: 140-160/None,31
11BN0299,NULL,11BN,Mo17/B73,NULL,10NN0597_001s,NIL-1320,19,199,L,NULL,10,17,NULL,Screen,4/Region: 30-40/H(3:18.33CM),31
11BN0300,NULL,11BN,Mo18W/B73,NULL,10NN0599_001s,NIL-1018,19,200,M,NULL,10,18,NULL,Screen,8/Region: 40-50/H(9:49.03CM) H(9: 89.04cM) H(9: 71.42cM),31
11BN0301,NULL,11BN,Mo18W/B73,NULL,10NN0601_001s,NIL-1028,20,101,M,NULL,10,18,NULL,Screen,7/Region: 50-60/None,31
11BN0302,NULL,11BN,Mo18W/B73,NULL,10NN0603_001s,NIL-1041,20,102,M,NULL,10,18,NULL,Screen,7/Region: 30-40/H(7: 64.59cM),31
11BN0303,NULL,11BN,Mo18W/B73,NULL,10NN0605_001s,NIL-1067,20,103,M,NULL,10,18,NULL,Screen,7/Region: 60-70/None,31
11BN0304,NULL,11BN,Mo18W/B73,NULL,10NN0607_001s,NIL-1073,20,104,M,NULL,10,18,NULL,Screen,2/Region: 100-110/None,31
11BN0305,NULL,11BN,Mo18W/B73,NULL,10NN0609_001s,NIL-1076,20,105,M,NULL,10,18,NULL,Screen,1/Region: 160-180/None,31
11BN0306,NULL,11BN,Mo18W/B73,NULL,10NN0611_001s,NIL-1081,20,106,M,NULL,10,18,NULL,Screen,1/Region: 40-60/None,31
11BN0307,NULL,11BN,Mo18W/B73,NULL,10NN0613_001s,NIL-1089,20,107,M,NULL,10,18,NULL,Screen,1/Region: 80-100/B(3: 77cM),31
11BN0308,NULL,11BN,Mo18W/B73,NULL,10NN0615_001s,NIL-1093,20,108,M,NULL,10,18,NULL,Screen,9/Region: 0-20/None,31
11BN0309,NULL,11BN,Mo18W/B73,NULL,10NN0617_001s,NIL-1097,20,109,M,NULL,10,18,NULL,Screen,7/Region: 110-120/B(7:106.45cM),31
11BN0310,NULL,11BN,Mo18W/B73,NULL,10NN0619_001s,NIL-1111,20,110,M,NULL,10,18,NULL,Screen,l/Region: 60-80/None,31
11BN0311,NULL,11BN,Mo18W/B73,NULL,10NN0621_001s,NIL-1116,20,111,M,NULL,10,18,NULL,Screen,4/Region: 70-80/H{1:18.15cM) B(4: 92.79cM),31
11BN0312,NULL,11BN,Mo18W/B73,NULL,10NN0623_001s,NIL-1127,20,112,M,NULL,10,18,NULL,Screen,5/Region: 80-90/None,31
11BN0313,NULL,11BN,Mo18W/B73,NULL,10NN0625_001s,NIL-1146,20,113,M,NULL,10,18,NULL,Screen,3/Region: 30-40/None,31
11BN0314,NULL,11BN,Mo18W/B73,NULL,10NN0627_001s,NIL-1147,20,114,M,NULL,10,18,NULL,Screen,3/Region:100-110/H(4:109.97cM),31
11BN0315,NULL,11BN,Mo18W/B73,NULL,10NN0629_001s,NIL-1149,20,115,M,NULL,10,18,NULL,Screen,2/Region: 20-30/B(3:0cM) B(2: 32.19cM) B(6: 38.89cM),31
11BN0316,NULL,11BN,Mo18W/B73,NULL,10NN0631_001s,NIL-1149,20,116,M,NULL,10,18,NULL,Screen,6/Region: 30-40/B(2: 20.92CM) B(3: OcM) B(2: 32.19cM),31
11BN0317,NULL,11BN,Mo18W/B73,NULL,10NN0633_001s,NIL-1160,20,117,M,NULL,10,18,NULL,Screen,3/Region: 60-70/None,31
11BN0318,NULL,11BN,NC350/B73,NULL,10NN0635_001s,NIL-1006,20,118,N,NULL,10,20,NULL,Screen,1/Region: 60-80/H(4: OcM),31
11BN0319,NULL,11BN,NC350/B73,NULL,10NN0637_001s,NIL-1017,20,119,N,NULL,10,20,NULL,Screen,1/Region: 80-100/B(l: 100.6cM),31
11BN0320,NULL,11BN,NC350/B73,NULL,10NN0639_001s,NIL-1017,20,120,N,NULL,10,20,NULL,Screen,1/Region: 100-120/B(l: 99.58cM),31
11BN0321,NULL,11BN,NC350/B73,NULL,10NN0641_001s,NIL-1022,20,121,N,NULL,10,20,NULL,Screen,7/Region: 30-40/None,31
11BN0322,NULL,11BN,NC350/B73,NULL,10NN0643_001s,NIL-1054,20,122,N,NULL,10,20,NULL,Screen,4/Region: 30-40/None,31
11BN0323,NULL,11BN,NC350/B73,NULL,10NN0645_001s,NIL-1075,20,123,N,NULL,10,20,NULL,Screen,8/Region: 50-60/None,31
11BN0324,NULL,11BN,NC350/B73,NULL,10NN0647_001s,NIL-1086,20,124,N,NULL,10,20,NULL,Screen,3/Region: 50-60/None,31
11BN0325,NULL,11BN,NC350/B73,NULL,10NN0649_001s,NIL-1090,20,125,N,NULL,10,20,NULL,Screen,1/Region: 160-180/None,31
11BN0326,NULL,11BN,NC350/B73,NULL,10NN0651_001s,NIL-1104,20,126,N,NULL,10,20,NULL,Screen,3/Region: 110-120/H(7:114.01cM),31
11BN0327,NULL,11BN,NC350/B73,NULL,10NN0653_001s,NIL-1146,20,127,N,NULL,10,20,NULL,Screen,6/Region: 30-40/H(9: 89.04cM),31
11BN0328,NULL,11BN,NC350/B73,NULL,10NN0655_001s,NIL-1153,20,128,N,NULL,10,20,NULL,Screen,6/Region: 80-90/H(4: 92.79cM) B(4:45.82cM) B(6: 75.8cM),31
11BN0329,NULL,11BN,NC350/B73,NULL,10NN0657_001s,NIL-1156,20,129,N,NULL,10,20,NULL,Screen,5/Region: 70-80/None,31
11BN0330,NULL,11BN,NC350/B73,NULL,10NN0659_001s,NIL-1170,20,130,N,NULL,10,20,NULL,Screen,5/Region: 80-90/None,31
11BN0331,NULL,11BN,NC350/B73,NULL,10NN0661_001s,NIL-1194,20,131,N,NULL,10,20,NULL,Screen,2/Region: 100-110/H(5:108.84cM),31
11BN0332,NULL,11BN,NC350/B73,NULL,10NN0663_001s,NIL-1195,20,132,N,NULL,10,20,NULL,Screen,7/Region: 50-60/H(5:108.84cM),31
11BN0333,NULL,11BN,NC350/B73,NULL,10NN0665_001s,NIL-1195,20,133,N,NULL,10,20,NULL,Screen,7/Region: 60-70/H(5:108.84CM),31
11BN0334,NULL,11BN,NC350/B73,NULL,10NN0667_001s,NIL-1202,20,134,N,NULL,10,20,NULL,Screen,7/Region: 110-120/H(9:46.44cM),31
11BN0335,NULL,11BN,NC350/B73,NULL,10NN0669_001s,NIL-1220,20,135,N,NULL,10,20,NULL,Screen,1/Region: 140-160/H(6: 84.65cM),31
11BN0336,NULL,11BN,NC350/B73,NULL,10NN0671_001s,NIL-1233,20,136,N,NULL,10,20,NULL,Screen,1/Region: 40-60/None,31
11BN0337,NULL,11BN,NC350/B73,NULL,10NN0673_001s,NIL-1245,20,137,N,NULL,10,20,NULL,Screen,3/Region: 30-40/None,31
11BN0338,NULL,11BN,NC350/B73,NULL,10NN0675_001s,NIL-1261,20,138,N,NULL,10,20,NULL,Screen,6/Region: 70-80/B(6: 67.17cM),31
11BN0339,NULL,11BN,NC350/B73,NULL,10NN0677_001s,NIL-1278,20,139,N,NULL,10,20,NULL,Screen,2/Region: 90-100/H(6: 21.32cM) H(6:12.64cM),31
11BN0340,NULL,11BN,NC350/B73,NULL,10NN0679_001s,NIL-1282,20,140,N,NULL,10,20,NULL,Screen,4/Region: 50-60/B(4:48.49cM),31
11BN0341,NULL,11BN,NC358/B73,NULL,10NN0681_001s,NIL-1022,20,141,O,NULL,10,21,NULL,Screen,8/Region: 40-50/None,31
11BN0342,NULL,11BN,NC358/B73,NULL,10NN0683_001s,NIL-1033,20,142,O,NULL,10,21,NULL,Screen,7/Region: 60-70/None,31
11BN0343,NULL,11BN,NC358/B73,NULL,10NN0685_001s,NIL-1041,20,143,O,NULL,10,21,NULL,Screen,1/Region: 140-160/H(5:48.56cM),31
11BN0344,NULL,11BN,NC358/B73,NULL,10NN0687_001s,NIL-1042,20,144,O,NULL,10,21,NULL,Screen,5/Region: 40-50/H(9: 89.04cM) H(9:0cM),31
11BN0345,NULL,11BN,NC358/B73,NULL,10NN0689_001s,NIL-1047,20,145,O,NULL,10,21,NULL,Screen,5/Region: 50-60/B(5:48.56cM),31
11BN0346,NULL,11BN,NC358/B73,NULL,10NN0691_001s,NIL-1048,20,146,O,NULL,10,21,NULL,Screen,1/Region: 100-120/None,31
11BN0347,NULL,11BN,NC358/B73,NULL,10NN0693_001s,NIL-1066,20,147,O,NULL,10,21,NULL,Screen,3/Region: 30-40/H(9: 21.54cM),31
11BN0348,NULL,11BN,NC358/B73,NULL,10NN0695_001s,NIL-1075,20,148,O,NULL,10,21,NULL,Screen,1/Region: 20-40/None,31
11BN0349,NULL,11BN,NC358/B73,NULL,10NN0697_001s,NIL-1076,20,149,O,NULL,10,21,NULL,Screen,2/Region: 20-30/None,31
11BN0350,NULL,11BN,NC358/B73,NULL,10NN0699_001s,NIL-1079,20,150,O,NULL,10,21,NULL,Screen,6/Region: 80-90/None,31
11BN0351,NULL,11BN,NC358/B73,NULL,10NN0701_001s,NIL-1080,20,151,O,NULL,10,21,NULL,Screen,1/Region: 160-180/None,31
11BN0352,NULL,11BN,NC358/B73,NULL,10NN0703_001s,NIL-1100,20,152,O,NULL,10,21,NULL,Screen,3/Region: 110-120/H(10:90.78cM) H(10:88.82cM),31
11BN0353,NULL,11BN,NC358/B73,NULL,10NN0705_001s,NIL-1107,20,153,O,NULL,10,21,NULL,Screen,8/Region: 50-60/B(3:45.7cM) B(l: 104.49cM) H(10: 90.78cM) H(9: OcM) B(7:106.45cM) B(l: 152.76cM) B(10: 58.46cM) B(10: 60.96cM),31
11BN0354,NULL,11BN,NC358/B73,NULL,10NN0707_001s,NIL-1108,20,154,O,NULL,10,21,NULL,Screen,3/Region: 40-50/B(3: 37.71cM) B(l: 104.49cM) H(10: 90.78cM) H(10: 34.37cM) H(7: OcM) H(l: 152.76cM) H(10: 58.46cM) H(10: 60.96cM),31
11BN0355,NULL,11BN,NC358/B73,NULL,10NN0709_001s,NIL-1122,20,155,O,NULL,10,21,NULL,Screen,2/Region: 90-100/H(3:101.16cM),31
11BN0356,NULL,11BN,NC358/B73,NULL,10NN0711_001s,NIL-1150,20,156,O,NULL,10,21,NULL,Screen,7/Region: 30-40/H(9: 71.42cM),31
11BN0357,NULL,11BN,NC358/B73,NULL,10NN0713_001s,NIL-1151,20,157,O,NULL,10,21,NULL,Screen,7/Region: 40-50/B(7:60cM),31
11BN0358,NULL,11BN,NC358/B73,NULL,10NN0715_001s,NIL-1163,20,158,O,NULL,10,21,NULL,Screen,3/Region: 60-70/None,31
11BN0359,NULL,11BN,NC358/B73,NULL,10NN0717_001s,NIL-1166,20,159,O,NULL,10,21,NULL,Screen,3/Region: 50-60/None,31
11BN0360,NULL,11BN,NC358/B73,NULL,10NN0719_001s,NIL-1172,20,160,O,NULL,10,21,NULL,Screen,3/Region: 100-110/H(2: 46.39cM) B(3:93.21cM),31
11BN0361,NULL,11BN,NC358/B73,NULL,10NN0721_001s,NIL-1192,20,161,O,NULL,10,21,NULL,Screen,7/Region: 50-60/H(5: 82.47cM) B(7: 64.59cM),31
11BN0362,NULL,11BN,NC358/B73,NULL,10NN0723_001s,NIL-1204,20,162,O,NULL,10,21,NULL,Screen,9/Region: 0-20/None,31
11BN0363,NULL,11BN,NC358/B73,NULL,10NN0725_001s,NIL-1217,20,163,O,NULL,10,21,NULL,Screen,1/Region: 60-80/None,31
11BN0364,NULL,11BN,NC358/B73,NULL,10NN0727_001s,NIL-1231,20,164,O,NULL,10,21,NULL,Screen,6/Region: 30-40/H(7: OcM),31
11BN0365,NULL,11BN,NC358/B73,NULL,10NN0729_001s,NIL-1239,20,165,O,NULL,10,21,NULL,Screen,4/Region: 20-30/B(4:31.72cM),31
11BN0366,NULL,11BN,NC358/B73,NULL,10NN0731_001s,NIL-1239,20,166,O,NULL,10,21,NULL,Screen,4/Region: 30-40/B(4: 27.08cM),31
11BN0367,NULL,11BN,NC358/B73,NULL,10NN0733_001s,NIL-1244,20,167,O,NULL,10,21,NULL,Screen,4/Region: 50-60/None,31
11BN0368,NULL,11BN,NC358/B73,NULL,10NN0735_001s,NIL-1248,20,168,O,NULL,10,21,NULL,Screen,l/Region: 40-60/None,31
11BN0369,NULL,11BN,Oh43/B73,NULL,10NN0737_001s,NIL-1017,20,169,P,NULL,10,22,NULL,Screen,6/Region: 40-50/H(9: OcM),31
11BN0370,NULL,11BN,Oh43/B73,NULL,10NN0739_001s,NIL-1018,20,170,P,NULL,10,22,NULL,Screen,9/Region: 0-20/None,31
11BN0371,NULL,11BN,Oh43/B73,NULL,10NN0741_001s,NIL-1047,20,171,P,NULL,10,22,NULL,Screen,7/Region: 40-50/H(l: 126.77cM),31
11BN0372,NULL,11BN,Oh43/B73,NULL,10NN0743_001s,NIL-1050,20,172,P,NULL,10,22,NULL,Screen,2/Region: 100-110/B(2: 96.44cM) H(5: 73.91cM),31
11BN0373,NULL,11BN,Oh43/B73,NULL,10NN0745_001s,NIL-1053,20,173,P,NULL,10,22,NULL,Screen,5/Region: 50-60/None,31
11BN0374,NULL,11BN,Oh43/B73,NULL,10NN0747_001s,NIL-1059,20,174,P,NULL,10,22,NULL,Screen,1/Region: 40-60/B(l: 61.19cM),31
11BN0375,NULL,11BN,Oh43/B73,NULL,10NN0749_001s,NIL-1065,20,175,P,NULL,10,22,NULL,Screen,4/Region: 50-60/H(2: 46.39cM),31
11BN0376,NULL,11BN,Oh43/B73,NULL,10NN0751_001s,NIL-1106',20,176,P,NULL,10,22,NULL,Screen,5/Region: 70-80/H(4:86.76cM),31
11BN0377,NULL,11BN,Oh43/B73,NULL,10NN0753_001s,NIL-1132,20,177,P,NULL,10,22,NULL,Screen,2/Region: 10-20/None,31
11BN0378,NULL,11BN,Oh43/B73,NULL,10NN0755_001s,NIL-1140,20,178,P,NULL,10,22,NULL,Screen,7/Region: 50-60/B(8: 99.33cM) B(7: 64.59cM) H(3: 25.64cM) H(5:17.47cM),31
11BN0379,NULL,11BN,OH43/B73,NULL,10NN0757_001s,NIL-1140,20,179,P,NULL,10,22,NULL,Screen,7/Region: 60-70/B(8: 99.33cM) H(3: 25.64cM) H(5:17.47cM),31
11BN0380,NULL,11BN,Oh43/B73,NULL,10NN0759_001s,NIL-1165,20,180,P,NULL,10,22,NULL,Screen,2/Region: 90-100/B(2:101.38cM),31
11BN0381,NULL,11BN,Oh43/B73,NULL,10NN0761_001s,NIL-1176,20,181,P,NULL,10,22,NULL,Screen,5/Region: 40-50/B(5:39.87cM) H(5: 82.47cM) H(5: 22.82cM) H(5: 60.76cM) B(5: 51.41cM) H(5:17.47cM) B(5: 73.91cM),31
11BN0382,NULL,11BN,Oh43/B73,NULL,10NN0763_001s,NIL-1179,20,182,P,NULL,10,22,NULL,Screen,1/Region: 100-120/H(2: 66.33cM) H(2:46.39cM),31
11BN0383,NULL,11BN,Oh43/B73,NULL,10NN0765_001s,NIL-1184,20,183,P,NULL,10,22,NULL,Screen,1/Region: 160-180/None,31
11BN0384,NULL,11BN,Oh43/B73,NULL,10NN0767_001s,NIL-1195,20,184,P,NULL,10,22,NULL,Screen,1/Region: 60-80/None,31
11BN0385,NULL,11BN,Oh43/B73,NULL,10NN0769_001s,NIL-1230,20,185,P,NULL,10,22,NULL,Screen,8/Region: 40-50/H(2:5.74cM) H(2:5.54cM) H(2: OcM),31
11BN0386,NULL,11BN,Oh43/B73,NULL,10NN0771_001s,NIL-1237,20,186,P,NULL,10,22,NULL,Screen,1/Region: 140-160/None,31
11BN0387,NULL,11BN,Oh43/B73,NULL,10NN0773_001s,NIL-1245,20,187,P,NULL,10,22,NULL,Screen,6/Region: 70-80/B(l: 18.15cM) H(3:101.16cM),31
11BN0388,NULL,11BN,Oh43/B73,NULL,10NN0775_001s,NIL-1246,20,188,P,NULL,10,22,NULL,Screen,3/Region: 100-110/B(6: 70.79cM) B(6: 75.8cM),31
11BN0389,NULL,11BN,Oh43/B73,NULL,10NN0777_001s,NIL-1255,20,189,P,NULL,10,22,NULL,Screen,4/Region: 70-80/None,31
11BN0390,NULL,11BN,Oh43/B73,NULL,10NN0779_001s,NIL-1277,20,190,P,NULL,10,22,NULL,Screen,6/Region: 30-40/None,31
11BN0391,NULL,11BN,B73,NULL,08PN0304_000s,NIL-1294,20,191,P,NULL,10,22,NULL,Screen,3/Region: 60-70/None,31
11BN0392,NULL,11BN,Oh43/B73,NULL,10NN0783_001s,NIL-1307,20,192,P,NULL,10,22,NULL,Screen,3/Region: 50-60/H(l: 126.77cM) B(5: 73.91cM) B(8:82.15cM),31
11BN0393,NULL,11BN,Oh43/B73,NULL,10NN0785_001s,NIL-1308,20,193,P,NULL,10,22,NULL,Screen,8/Region: 80-90  /H(l: 126.77cM) H(8:28.28cM) H(7:114.01cM) H(5:73.91cM) H(8:42.94cM),31
11BN0394,NULL,11BN,Oh43/B73,NULL,10NN0787_001s,NIL-1319,20,194,P,NULL,10,22,NULL,Screen,6/Region: 80-90/H(8:15.09CM) B(9:46.44cM) B(2: 32.19cM),31
11BN0395,NULL,11BN,Tx303/B73,NULL,10NN0789_001s,NIL-1017,20,195,Q,NULL,10,25,NULL,Screen,7/Region: 110-120/H(7:101.29CM),31
11BN0396,NULL,11BN,Tx303/B73,NULL,10NN0791_001s,NIL-1024,20,196,Q,NULL,10,25,NULL,Screen,1/Region: 140-160/None,31
11BN0397,NULL,11BN,Tx303/B73,NULL,10NN0793_001s,NIL-1037,20,197,Q,NULL,10,25,NULL,Screen,2/Region: 20-30/B(2: 31.6cM),31
11BN0398,NULL,11BN,Tx303/B73,NULL,10NN0795_001s,NIL-1038,20,198,Q,NULL,10,25,NULL,Screen,1/Region: 160-180/None,31
11BN0399,NULL,11BN,Tx303/B73,NULL,10NN0797_001s,NIL-1040,20,199,Q,NULL,10,25,NULL,Screen,1/Region: 100-120/B(l: 99.58cM),31
11BN0400,NULL,11BN,Tx303/B73,NULL,10NN0799_001s,NIL-1047,20,200,Q,NULL,10,25,NULL,Screen,3/Region: 110-120/H(9: 21.54cM) H(9: 22.71cM) H(4:0.33cM) H(3:101.16cM),31
11BN0401,NULL,11BN,Tx303/B73,NULL,10NN0801_001s,NIL-1062,21,101,Q,NULL,10,25,NULL,Screen,4/Region: 30-40/H(3: 37.71cM) H(3:33.54cM) B(4:45.82cM),31
11BN0402,NULL,11BN,Tx303/B73,NULL,10NN0803_001s,NIL-1065,21,102,Q,NULL,10,25,NULL,Screen,2/Region: 90-100/None,31
11BN0403,NULL,11BN,Tx303/B73,NULL,10NN0805_001s,NIL-1083,21,103,Q,NULL,10,25,NULL,Screen,8/Region: 70-80/H(8: 63.71cM) H(8: 56.12cM) H(7: 60cM) H(8: 40.53cM),31
11BN0404,NULL,11BN,Tx303/B73,NULL,10NN0807_001s,NIL-1084,21,104,Q,NULL,10,25,NULL,Screen,5/Region: 70-80/B(6: 81.02cM) B(6: 75.8cM) B(6: 76.31cM) B(6: 80.94cM) H(6: 92.36cM),31
11BN0405,NULL,11BN,Tx303/B73,NULL,10NN0809_001s,NIL-1084,21,105,Q,NULL,10,25,NULL,Screen,6/Region: 70-80/B(6: 81.02cM) B(5: 70.53cM) B(5: 73.91cM) B(6: 80.94cM) H(6: 92.36cM),31
11BN0406,NULL,11BN,Tx303/B73,NULL,10NN0811_001s,NIL-1092,21,106,Q,NULL,10,25,NULL,Screen,6/Region: 30-40/None,31
11BN0407,NULL,11BN,Tx303/B73,NULL,10NN0813_001s,NIL-1099,21,107,Q,NULL,10,25,NULL,Screen,3/Region: 100-110/H(10: 88.82cM) H(10: 104.74cM),31
11BN0408,NULL,11BN,Tx303/B73,NULL,10NN0815_001s,NIL-1127,21,108,Q,NULL,10,25,NULL,Screen,3/Region: 50-60/B(3:45.51cM) H(10: 104.74cM),31
11BN0409,NULL,11BN,Tx303/B73,NULL,10NN0817_001s,NIL-1130,21,109,Q,NULL,10,25,NULL,Screen,1/Region: 40-60/H(4: 72.87cM),31
11BN0410,NULL,11BN,Tx303/B73,NULL,10NN0819_001s,NIL-1132,21,110,Q,NULL,10,25,NULL,Screen,4/Region: 70-80/H(7: OcM),31
11BN0411,NULL,11BN,Tx303/B73,NULL,10NN0821_001s,NIL-1144,21,111,Q,NULL,10,25,NULL,Screen,1/Region: 80-100/B(l: 78.21cM),31
11BN0412,NULL,11BN,Tx303/B73,NULL,10NN0823_001s,NIL-1148,21,112,Q,NULL,10,25,NULL,Screen,1/Region: 60-80/H(l: 143.52cM) H(l: 81.16cM) H(9: OcM),31
11BN0413,NULL,11BN,Tx303/B73,NULL,10NN0825_001s,NIL-1170,21,113,Q,NULL,10,25,NULL,Screen,9/Region: 0-20/None,31
11BN0414,NULL,11BN,Tx303/B73,NULL,10NN0827_001s,NIL-1179,21,114,Q,NULL,10,25,NULL,Screen,4/Region: 50-60/None,31
11BN0415,NULL,11BN,Tx303/B73,NULL,10NN0829_001s,NIL-1185,21,115,Q,NULL,10,25,NULL,Screen,5/Region: 40-50/H(6: 28.21cM),31
11BN0416,NULL,11BN,Tx303/B73,NULL,10NN0831_001s,NIL-1192,21,116,Q,NULL,10,25,NULL,Screen,7/Region: 30-40/H(2:46.39cM),31
11BN0417,NULL,11BN,Tx303/B73,NULL,10NN0833_001s,NIL-1208,21,117,Q,NULL,10,25,NULL,Screen,6/Region: 80-90/H(8: 63.71CM) H(8:56.12cM) H(4: 84.08cM) H(8:40.53cM) B(6: 76.31cM),31
11BN0418,NULL,11BN,Tx303/B73,NULL,10NN0835_001s,NIL-1209,21,118,Q,NULL,10,25,NULL,Screen,8/Region: 40-50/B(8: 63.71cM) B(8: 56.12cM) H(4: 84.08cM),31
11BN0419,NULL,11BN,Tx303/B73,NULL,10NN0837_001s,NIL-1209,21,119,Q,NULL,10,25,NULL,Screen,8/Region: 50-60/B(8: 63.71cM) H(4: 84.08cM) B(8: 40.53cM),31
11BN0420,NULL,11BN,Tx303/B73,NULL,10NN0839_001s,NIL-1221,21,120,Q,NULL,10,25,NULL,Screen,3/Region: 60-70/H(6: 81.02cM) H(3:121.12cM) H(3:121.11cM) H(6: 80.94cM),31
11BN0421,NULL,11BN,Tx303/B73,NULL,10NN0841_001s,NIL-1226,21,121,Q,NULL,10,25,NULL,Screen,3/Region: 40-50/None,31
11BN0422,NULL,11BN,Tx303/B73,NULL,10NN0843_001s,NIL-1239,21,122,Q,NULL,10,25,NULL,Screen,7/Region: 50-60/H(7: 67.39cM) H(7: 64.71cM),31
11BN0423,NULL,11BN,Tx303/B73,NULL,10NN0845_001s,NIL-1240,21,123,Q,NULL,10,25,NULL,Screen,7/Region: 60-70/None,31
11BN0424,NULL,11BN,Tx303/B73,NULL,10NN0847_001s,NIL-1241,21,124,Q,NULL,10,25,NULL,Screen,5/Region: 80-90/B(5: 73.91CM),31
11BN0425,NULL,11BN,Tx303/B73,NULL,10NN0849_001s,NIL-1249,21,125,Q,NULL,10,25,NULL,Screen,5/Region: 50-60/H(5: 60.76cM) B(5: 48.56cM),31
11BN0426,NULL,11BN,Tx303/B73,NULL,10NN0851_001s,NIL-1257,21,126,Q,NULL,10,25,NULL,Screen,8/Region: 60-70/None,31
11BN0427,NULL,11BN,Tzi8/B73,NULL,10NN0853_001s,NIL-1001,21,127,R,NULL,10,26,NULL,Screen,2/Region: 20-30/None,31
11BN0428,NULL,11BN,Tzi8/B73,NULL,10NN0855_001s,NIL-1033,21,128,R,NULL,10,26,NULL,Screen,3/Region: 100-110/H(3: 86.49CM) H(3: 61.21cM),31
11BN0429,NULL,11BN,Tzi8/B73,NULL,10NN0857_001s,NIL-1041,21,129,R,NULL,10,26,NULL,Screen,6/Region: 70-80/None,31
11BN0430,NULL,11BN,Tzi8/B73,NULL,10NN0859_001s,NIL-1051,21,130,R,NULL,10,26,NULL,Screen,7/Region: 110-120/B(l: 54.75cM),31
11BN0431,NULL,11BN,Tzi8/B73,NULL,10NN0861_001s,NIL-1069,21,131,R,NULL,10,26,NULL,Screen,1/Region: 20-40/None,31
11BN0432,NULL,11BN,Tzi8/B73,NULL,10NN0863_001s,NIL-1088,21,132,R,NULL,10,26,NULL,Screen,l/Region: 40-60/H(l: 28.57cM) H(6: 70.79cM),31
11BN0433,NULL,11BN,Tzi8/B73,NULL,10NN0865_001s,NIL-1092,21,133,R,NULL,10,26,NULL,Screen,6/Region: 30-40/None,31
11BN0434,NULL,11BN,Tzi8/B73,NULL,10NN0867_001s,NIL-1132,21,134,R,NULL,10,26,NULL,Screen,8/Region: 50-60/H(6:46.61CM) H(6: 21.32cM) H(6: 37.16cM) H(6: 38.89cM),31
11BN0435,NULL,11BN,Tzi8/B73,NULL,10NN0869_001s,NIL-1135,21,135,R,NULL,10,26,NULL,Screen,5/Region: 40-50/None,31
11BN0436,NULL,11BN,Tzi8/B73,NULL,10NN0871_001s,NIL-1143,21,136,R,NULL,10,26,NULL,Screen,7/Region: 30-40/None,31
11BN0437,NULL,11BN,Tzi8/B73,NULL,10NN0873_001s,NIL-1147,21,137,R,NULL,10,26,NULL,Screen,1/Region: 160-180/H(l: 159.66cM) H(l: 159.61cM),31
11BN0438,NULL,11BN,Tzi8/B73,NULL,10NN0875_001s,NIL-1152,21,138,R,NULL,10,26,NULL,Screen,7/Region: 60-70/None,31
11BN0439,NULL,11BN,Tzi8/B73,NULL,10NN0877_001s,NIL-1160,21,139,R,NULL,10,26,NULL,Screen,4/Region: 20-30/H(7: 64.59cM),31
11BN0440,NULL,11BN,Tzi8/B73,NULL,10NN0879_001s,NIL-1169,21,140,R,NULL,10,26,NULL,Screen,4/Region: 30-40/None,31
11BN0441,NULL,11BN,Tzi8/B73,NULL,10NN0881_001s,NIL-1172,21,141,R,NULL,10,26,NULL,Screen,4/Region: 50-60/B(4: 45.82cM),31
11BN0442,NULL,11BN,Tzi8/B73,NULL,10NN0883_001s,NIL-1189,21,142,R,NULL,10,26,NULL,Screen,3/Region: 30-40/None,31
11BN0443,NULL,11BN,Tzi8/B73,NULL,10NN0885_001s,NIL-1213,21,143,R,NULL,10,26,NULL,Screen,1/Region: 60-80/H(5:48.07cM) B(2: 27.97cM) H(7:114.01cM) H(2: 26.47cM) H(5:48.56cM) H(10: 104.74CM),31
11BN0444,NULL,11BN,Tzi8/B73,NULL,10NN0887_001s,NIL-1215,21,144,R,NULL,10,26,NULL,Screen,3/Region: 60-70/H(3: 37.71cM) H(l: 138.32cM),31
11BN0445,NULL,11BN,Tzi8/B73,NULL,10NN0889_001s,NIL-1218,21,145,R,NULL,10,26,NULL,Screen,5/Region: 50-60/None,31
11BN0446,NULL,11BN,Tzi8/B73,NULL,10NN0891_001s,NIL-1236,21,146,R,NULL,10,26,NULL,Screen,5/Region: 80-90/H(4:92.79cM) H(8:0.82cM),31
11BN0447,NULL,11BN,Tzi8/B73,NULL,10NN0893_001s,NIL-1280,21,147,R,NULL,10,26,NULL,Screen,4/Region: 70-80/H(l: 47.46cM) H(l: 54.75cM),31
11BN0448,NULL,11BN,Tzi8/B73,NULL,10NN0895_001s,NIL-1282,21,148,R,NULL,10,26,NULL,Screen,1/Region: 140-160/None,31
11BN0449,NULL,11BN,Tzi8/B73,NULL,10NN0897_001s,NIL-1304,21,149,R,NULL,10,26,NULL,Screen,6/Region: 40-50/H(7: 39.47cM),31
11BN0450,NULL,11BN,Tzi8/B73,NULL,10NN0899_001s,NIL-1314,21,150,R,NULL,10,26,NULL,Screen,1/Region: 80-100/None,31
11BN0451,NULL,11BN,Tzi8/B73,NULL,10NN0901_001s,NIL-1316,21,151,R,NULL,10,26,NULL,Screen,2/Region: 90-100/None,31
11BN0452,NULL,11BN,Tzi8/B73,NULL,10NN0903_001s,NIL-1321,21,152,R,NULL,10,26,NULL,Screen,3/Region: 110-120/None,31
11BN0453,NULL,11BN,Tzi8/B73,NULL,10NN0905_001s,NIL-1329,21,153,R,NULL,10,26,NULL,Screen,2/Region: 100-110/H(8:15.09cM) H(4:86.76cM) H(8:0.82cM) H(4:65.25cM) H(l: 173.1cM) H(l: 170.29cM),31