07FL0204_001s,07FL0204_001,07FL0204,07FL,07FL0204.1,NULL,NULL,self,NULL,NULL,NULL,B73/[32-24]-10_121,NULL,3,NULL,32-24-10 F2:3,NULL,NULL
07FL0204_002s,07FL0204_002,07FL0204,07FL,07FL0204.2,NULL,NULL,self,NULL,NULL,NULL,B73/[32-24]-10_122,NULL,3,NULL,32-24-10 F2:3,NULL,NULL
07FL0204_003s,07FL0204_003,07FL0204,07FL,07FL0204.3,NULL,NULL,self,NULL,NULL,NULL,B73/[32-24]-10_123,NULL,3,NULL,32-24-10 F2:3,NULL,NULL
07FL0204_004s,07FL0204_004,07FL0204,07FL,07FL0204.4,NULL,NULL,self,NULL,NULL,NULL,B73/[32-24]-10_124,NULL,3,NULL,32-24-10 F2:3,NULL,NULL
07FL0204_005s,07FL0204_005,07FL0204,07FL,07FL0204.5,NULL,NULL,self,NULL,NULL,NULL,B73/[32-24]-10_125,NULL,3,NULL,32-24-10 F2:3,NULL,NULL
07FL0205_001s,07FL0205_001,07FL0205,07FL,07FL0205.1,NULL,NULL,self,NULL,NULL,NULL,B73/[32-24]-10_085,NULL,3,NULL,32-24-10 F2:3,NULL,NULL
07FL0205_002s,07FL0205_002,07FL0205,07FL,07FL0205.2,NULL,NULL,self,NULL,NULL,NULL,B73/[32-24]-10_086,NULL,3,NULL,32-24-10 F2:3,NULL,NULL
07FL0205_003s,07FL0205_003,07FL0205,07FL,07FL0205.3,NULL,NULL,self,NULL,NULL,NULL,B73/[32-24]-10_087,NULL,3,NULL,32-24-10 F2:3,NULL,NULL
07FL0205_004s,07FL0205_004,07FL0205,07FL,07FL0205.4,NULL,NULL,self,NULL,NULL,NULL,B73/[32-24]-10_088,NULL,3,NULL,32-24-10 F2:3,NULL,NULL
07FL0206_001s,07FL0206_001,07FL0206,07FL,07FL0206.1,NULL,NULL,self,NULL,NULL,NULL,B73/[32-24]-10_113,NULL,3,NULL,32-24-10 F2:3,NULL,NULL
07FL0206_002s,07FL0206_002,07FL0206,07FL,07FL0206.2,NULL,NULL,self,NULL,NULL,NULL,B73/[32-24]-10_114,NULL,3,NULL,32-24-10 F2:3,NULL,NULL
07FL0206_003s,07FL0206_003,07FL0206,07FL,07FL0206.3,NULL,NULL,self,NULL,NULL,NULL,B73/[32-24]-10_115,NULL,3,NULL,32-24-10 F2:3,NULL,NULL
07FL0206_004s,07FL0206_004,07FL0206,07FL,07FL0206.4,NULL,NULL,self,NULL,NULL,NULL,B73/[32-24]-10_116,NULL,3,NULL,32-24-10 F2:3,NULL,NULL
07FL0206_005s,07FL0206_005,07FL0206,07FL,07FL0206.5,NULL,NULL,self,NULL,NULL,NULL,B73/[32-24]-10_117,NULL,3,NULL,32-24-10 F2:3,NULL,NULL
07FL0206_006s,07FL0206_006,07FL0206,07FL,07FL0206.6,NULL,NULL,self,NULL,NULL,NULL,B73/[32-24]-10_118,NULL,3,NULL,32-24-10 F2:3,NULL,NULL
07FL0206_007s,07FL0206_007,07FL0206,07FL,07FL0206.7,NULL,NULL,self,NULL,NULL,NULL,B73/[32-24]-10_119,NULL,3,NULL,32-24-10 F2:3,NULL,NULL
07FL0206_008s,07FL0206_008,07FL0206,07FL,07FL0206.8,NULL,NULL,self,NULL,NULL,NULL,B73/[32-24]-10_120,NULL,3,NULL,32-24-10 F2:3,NULL,NULL
07FL0207_001s,07FL0207_001,07FL0207,07FL,07FL0207.1,NULL,NULL,self,NULL,NULL,NULL,B73/[32-24]-10_096,NULL,3,NULL,32-24-10 F2:3,NULL,NULL
07FL0207_002s,07FL0207_002,07FL0207,07FL,07FL0207.2,NULL,NULL,self,NULL,NULL,NULL,B73/[32-24]-10_097,NULL,3,NULL,32-24-10 F2:3,NULL,NULL
07FL0207_003s,07FL0207_003,07FL0207,07FL,07FL0207.3,NULL,NULL,self,NULL,NULL,NULL,B73/[32-24]-10_098,NULL,3,NULL,32-24-10 F2:3,NULL,NULL
07FL0207_004s,07FL0207_004,07FL0207,07FL,07FL0207.4,NULL,NULL,self,NULL,NULL,NULL,B73/[32-24]-10_099,NULL,3,NULL,32-24-10 F2:3,NULL,NULL
07FL0207_005s,07FL0207_005,07FL0207,07FL,07FL0207.5,NULL,NULL,self,NULL,NULL,NULL,B73/[32-24]-10_100,NULL,3,NULL,32-24-10 F2:3,NULL,NULL
07FL0207_006s,07FL0207_006,07FL0207,07FL,07FL0207.6,NULL,NULL,self,NULL,NULL,NULL,B73/[32-24]-10_101,NULL,3,NULL,32-24-10 F2:3,NULL,NULL
07FL0207_007s,07FL0207_007,07FL0207,07FL,07FL0207.7,NULL,NULL,self,NULL,NULL,NULL,B73/[32-24]-10_102,NULL,3,NULL,32-24-10 F2:3,NULL,NULL
07FL0207_008s,07FL0207_008,07FL0207,07FL,07FL0207.8,NULL,NULL,self,NULL,NULL,NULL,B73/[32-24]-10_103,NULL,3,NULL,32-24-10 F2:3,NULL,NULL
07FL0208_001s,07FL0208_001,07FL0208,07FL,07FL0208.1,NULL,NULL,self,NULL,NULL,NULL,B73/[32-24]-10_104,NULL,3,NULL,32-24-10 F2:3,NULL,NULL
07FL0208_002s,07FL0208_002,07FL0208,07FL,07FL0208.2,NULL,NULL,self,NULL,NULL,NULL,B73/[32-24]-10_105,NULL,3,NULL,32-24-10 F2:3,NULL,NULL
07FL0208_003s,07FL0208_003,07FL0208,07FL,07FL0208.3,NULL,NULL,self,NULL,NULL,NULL,B73/[32-24]-10_106,NULL,3,NULL,32-24-10 F2:3,NULL,NULL
07FL0208_004s,07FL0208_004,07FL0208,07FL,07FL0208.4,NULL,NULL,self,NULL,NULL,NULL,B73/[32-24]-10_107,NULL,3,NULL,32-24-10 F2:3,NULL,NULL
07FL0208_005s,07FL0208_005,07FL0208,07FL,07FL0208.5,NULL,NULL,self,NULL,NULL,NULL,B73/[32-24]-10_108,NULL,3,NULL,32-24-10 F2:3,NULL,NULL
07FL0208_006s,07FL0208_006,07FL0208,07FL,07FL0208.6,NULL,NULL,self,NULL,NULL,NULL,B73/[32-24]-10_109,NULL,3,NULL,32-24-10 F2:3,NULL,NULL
07FL0208_007s,07FL0208_007,07FL0208,07FL,07FL0208.7,NULL,NULL,self,NULL,NULL,NULL,B73/[32-24]-10_110,NULL,3,NULL,32-24-10 F2:3,NULL,NULL
07FL0208_008s,07FL0208_008,07FL0208,07FL,07FL0208.8,NULL,NULL,self,NULL,NULL,NULL,B73/[32-24]-10_111,NULL,3,NULL,32-24-10 F2:3,NULL,NULL
07FL0208_009s,07FL0208_009,07FL0208,07FL,07FL0208.9,NULL,NULL,self,NULL,NULL,NULL,B73/[32-24]-10_112,NULL,3,NULL,32-24-10 F2:3,NULL,NULL
07FL0209_001s,07FL0209_001,07FL0209,07FL,07FL0209.1,NULL,NULL,self,NULL,NULL,NULL,B73/[32-24]-10_089,NULL,3,NULL,32-24-10 F2:3,NULL,NULL
07FL0209_002s,07FL0209_002,07FL0209,07FL,07FL0209.2,NULL,NULL,self,NULL,NULL,NULL,B73/[32-24]-10_090,NULL,3,NULL,32-24-10 F2:3,NULL,NULL
07FL0209_003s,07FL0209_003,07FL0209,07FL,07FL0209.3,NULL,NULL,self,NULL,NULL,NULL,B73/[32-24]-10_091,NULL,3,NULL,32-24-10 F2:3,NULL,NULL
07FL0209_004s,07FL0209_004,07FL0209,07FL,07FL0209.4,NULL,NULL,self,NULL,NULL,NULL,B73/[32-24]-10_092,NULL,3,NULL,32-24-10 F2:3,NULL,NULL
07FL0209_005s,07FL0209_005,07FL0209,07FL,07FL0209.5,NULL,NULL,self,NULL,NULL,NULL,B73/[32-24]-10_093,NULL,3,NULL,32-24-10 F2:3,NULL,NULL
07FL0209_006s,07FL0209_006,07FL0209,07FL,07FL0209.6,NULL,NULL,self,NULL,NULL,NULL,B73/[32-24]-10_094,NULL,3,NULL,32-24-10 F2:3,NULL,NULL
07FL0209_007s,07FL0209_007,07FL0209,07FL,07FL0209.7,NULL,NULL,self,NULL,NULL,NULL,B73/[32-24]-10_095,NULL,3,NULL,32-24-10 F2:3,NULL,NULL
07FL0210_001s,07FL0210_001,07FL0210,07FL,07FL0210.1,NULL,NULL,self,NULL,NULL,NULL,B73/[32-24]-10_078,NULL,3,NULL,32-24-10 F2:3,NULL,NULL
07FL0210_002s,07FL0210_002,07FL0210,07FL,07FL0210.2,NULL,NULL,self,NULL,NULL,NULL,B73/[32-24]-10_079,NULL,3,NULL,32-24-10 F2:3,NULL,NULL
07FL0210_003s,07FL0210_003,07FL0210,07FL,07FL0210.3,NULL,NULL,self,NULL,NULL,NULL,B73/[32-24]-10_080,NULL,3,NULL,32-24-10 F2:3,NULL,NULL
07FL0210_004s,07FL0210_004,07FL0210,07FL,07FL0210.4,NULL,NULL,self,NULL,NULL,NULL,B73/[32-24]-10_081,NULL,3,NULL,32-24-10 F2:3,NULL,NULL
07FL0210_005s,07FL0210_005,07FL0210,07FL,07FL0210.5,NULL,NULL,self,NULL,NULL,NULL,B73/[32-24]-10_082,NULL,3,NULL,32-24-10 F2:3,NULL,NULL
07FL0210_006s,07FL0210_006,07FL0210,07FL,07FL0210.6,NULL,NULL,self,NULL,NULL,NULL,B73/[32-24]-10_083,NULL,3,NULL,32-24-10 F2:3,NULL,NULL
07FL0210_007s,07FL0210_007,07FL0210,07FL,07FL0210.7,NULL,NULL,self,NULL,NULL,NULL,B73/[32-24]-10_084,NULL,3,NULL,32-24-10 F2:3,NULL,NULL
07FL0211_001s,07FL0211_001,07FL0211,07FL,07FL0211.1,NULL,NULL,self,NULL,NULL,NULL,B73/[32-24]-10_068,NULL,3,NULL,32-24-10 F2:3,NULL,NULL
07FL0211_002s,07FL0211_002,07FL0211,07FL,07FL0211.2,NULL,NULL,self,NULL,NULL,NULL,B73/[32-24]-10_069,NULL,3,NULL,32-24-10 F2:3,NULL,NULL
07FL0211_003s,07FL0211_003,07FL0211,07FL,07FL0211.3,NULL,NULL,self,NULL,NULL,NULL,B73/[32-24]-10_070,NULL,3,NULL,32-24-10 F2:3,NULL,NULL
07FL0211_004s,07FL0211_004,07FL0211,07FL,07FL0211.4,NULL,NULL,self,NULL,NULL,NULL,B73/[32-24]-10_071,NULL,3,NULL,32-24-10 F2:3,NULL,NULL
07FL0212_001s,07FL0212_001,07FL0212,07FL,07FL0212.1,NULL,NULL,self,NULL,NULL,NULL,B73/[32-24]-10_072,NULL,3,NULL,32-24-10 F2:3,NULL,NULL
07FL0212_002s,07FL0212_002,07FL0212,07FL,07FL0212.2,NULL,NULL,self,NULL,NULL,NULL,B73/[32-24]-10_073,NULL,3,NULL,32-24-10 F2:3,NULL,NULL
07FL0212_003s,07FL0212_003,07FL0212,07FL,07FL0212.3,NULL,NULL,self,NULL,NULL,NULL,B73/[32-24]-10_074,NULL,3,NULL,32-24-10 F2:3,NULL,NULL
07FL0212_004s,07FL0212_004,07FL0212,07FL,07FL0212.4,NULL,NULL,self,NULL,NULL,NULL,B73/[32-24]-10_075,NULL,3,NULL,32-24-10 F2:3,NULL,NULL
07FL0212_005s,07FL0212_005,07FL0212,07FL,07FL0212.5,NULL,NULL,self,NULL,NULL,NULL,B73/[32-24]-10_076,NULL,3,NULL,32-24-10 F2:3,NULL,NULL
07FL0212_006s,07FL0212_006,07FL0212,07FL,07FL0212.6,NULL,NULL,self,NULL,NULL,NULL,B73/[32-24]-10_077,NULL,3,NULL,32-24-10 F2:3,NULL,NULL
07FL0213_001s,07FL0213_001,07FL0213,07FL,07FL0213.1,NULL,NULL,self,NULL,NULL,NULL,B73/[32-24]-10_053,NULL,3,NULL,32-24-10 F2:3,NULL,NULL
07FL0213_002s,07FL0213_002,07FL0213,07FL,07FL0213.2,NULL,NULL,self,NULL,NULL,NULL,B73/[32-24]-10_054,NULL,3,NULL,32-24-10 F2:3,NULL,NULL
07FL0213_003s,07FL0213_003,07FL0213,07FL,07FL0213.3,NULL,NULL,self,NULL,NULL,NULL,B73/[32-24]-10_055,NULL,3,NULL,32-24-10 F2:3,NULL,NULL
07FL0213_004s,07FL0213_004,07FL0213,07FL,07FL0213.4,NULL,NULL,self,NULL,NULL,NULL,B73/[32-24]-10_056,NULL,3,NULL,32-24-10 F2:3,NULL,NULL
07FL0213_005s,07FL0213_005,07FL0213,07FL,07FL0213.5,NULL,NULL,self,NULL,NULL,NULL,B73/[32-24]-10_057,NULL,3,NULL,32-24-10 F2:3,NULL,NULL
07FL0213_006s,07FL0213_006,07FL0213,07FL,07FL0213.6,NULL,NULL,self,NULL,NULL,NULL,B73/[32-24]-10_058,NULL,3,NULL,32-24-10 F2:3,NULL,NULL
07FL0213_007s,07FL0213_007,07FL0213,07FL,07FL0213.7,NULL,NULL,self,NULL,NULL,NULL,B73/[32-24]-10_059,NULL,3,NULL,32-24-10 F2:3,NULL,NULL
07FL0213_008s,07FL0213_008,07FL0213,07FL,07FL0213.8,NULL,NULL,self,NULL,NULL,NULL,B73/[32-24]-10_060,NULL,3,NULL,32-24-10 F2:3,NULL,NULL
07FL0213_009s,07FL0213_009,07FL0213,07FL,07FL0213.9,NULL,NULL,self,NULL,NULL,NULL,B73/[32-24]-10_061,NULL,3,NULL,32-24-10 F2:3,NULL,NULL
07FL0214_001s,07FL0214_001,07FL0214,07FL,07FL0214.1,NULL,NULL,self,NULL,NULL,NULL,B73/[32-24]-10_062,NULL,3,NULL,32-24-10 F2:3,NULL,NULL
07FL0214_002s,07FL0214_002,07FL0214,07FL,07FL0214.2,NULL,NULL,self,NULL,NULL,NULL,B73/[32-24]-10_063,NULL,3,NULL,32-24-10 F2:3,NULL,NULL
07FL0214_003s,07FL0214_003,07FL0214,07FL,07FL0214.3,NULL,NULL,self,NULL,NULL,NULL,B73/[32-24]-10_064,NULL,3,NULL,32-24-10 F2:3,NULL,NULL
07FL0214_004s,07FL0214_004,07FL0214,07FL,07FL0214.4,NULL,NULL,self,NULL,NULL,NULL,B73/[32-24]-10_065,NULL,3,NULL,32-24-10 F2:3,NULL,NULL
07FL0214_005s,07FL0214_005,07FL0214,07FL,07FL0214.5,NULL,NULL,self,NULL,NULL,NULL,B73/[32-24]-10_066,NULL,3,NULL,32-24-10 F2:3,NULL,NULL
07FL0214_006s,07FL0214_006,07FL0214,07FL,07FL0214.6,NULL,NULL,self,NULL,NULL,NULL,B73/[32-24]-10_067,NULL,3,NULL,32-24-10 F2:3,NULL,NULL
07FL0216_001s,07FL0216_001,07FL0216,07FL,07FL0216.1,NULL,NULL,self,NULL,NULL,NULL,B73/[32-24]-10_046,NULL,3,NULL,32-24-10 F2:3,NULL,NULL
07FL0216_002s,07FL0216_002,07FL0216,07FL,07FL0216.2,NULL,NULL,self,NULL,NULL,NULL,B73/[32-24]-10_047,NULL,3,NULL,32-24-10 F2:3,NULL,NULL
07FL0216_003s,07FL0216_003,07FL0216,07FL,07FL0216.3,NULL,NULL,self,NULL,NULL,NULL,B73/[32-24]-10_048,NULL,3,NULL,32-24-10 F2:3,NULL,NULL
07FL0216_004s,07FL0216_004,07FL0216,07FL,07FL0216.4,NULL,NULL,self,NULL,NULL,NULL,B73/[32-24]-10_049,NULL,3,NULL,32-24-10 F2:3,NULL,NULL
07FL0216_005s,07FL0216_005,07FL0216,07FL,07FL0216.5,NULL,NULL,self,NULL,NULL,NULL,B73/[32-24]-10_050,NULL,3,NULL,32-24-10 F2:3,NULL,NULL
07FL0216_006s,07FL0216_006,07FL0216,07FL,07FL0216.6,NULL,NULL,self,NULL,NULL,NULL,B73/[32-24]-10_051,NULL,3,NULL,32-24-10 F2:3,NULL,NULL
07FL0216_007s,07FL0216_007,07FL0216,07FL,07FL0216.7,NULL,NULL,self,NULL,NULL,NULL,B73/[32-24]-10_052,NULL,3,NULL,32-24-10 F2:3,NULL,NULL
07FL0217_001s,07FL0217_001,07FL0217,07FL,07FL0217.1,NULL,NULL,self,NULL,NULL,NULL,B73/[32-24]-10_024,NULL,3,NULL,32-24-10 F2:3,NULL,NULL
07FL0217_002s,07FL0217_002,07FL0217,07FL,07FL0217.2,NULL,NULL,self,NULL,NULL,NULL,B73/[32-24]-10_025,NULL,3,NULL,32-24-10 F2:3,NULL,NULL
07FL0217_003s,07FL0217_003,07FL0217,07FL,07FL0217.3,NULL,NULL,self,NULL,NULL,NULL,B73/[32-24]-10_026,NULL,3,NULL,32-24-10 F2:3,NULL,NULL
07FL0217_004s,07FL0217_004,07FL0217,07FL,07FL0217.4,NULL,NULL,self,NULL,NULL,NULL,B73/[32-24]-10_027,NULL,3,NULL,32-24-10 F2:3,NULL,NULL
07FL0217_005s,07FL0217_005,07FL0217,07FL,07FL0217.5,NULL,NULL,self,NULL,NULL,NULL,B73/[32-24]-10_028,NULL,3,NULL,32-24-10 F2:3,NULL,NULL
07FL0217_006s,07FL0217_006,07FL0217,07FL,07FL0217.6,NULL,NULL,self,NULL,NULL,NULL,B73/[32-24]-10_029,NULL,3,NULL,32-24-10 F2:3,NULL,NULL
07FL0218_001s,07FL0218_001,07FL0218,07FL,07FL0218.1,NULL,NULL,self,NULL,NULL,NULL,B73/[32-24]-10_042,NULL,3,NULL,32-24-10 F2:3,NULL,NULL
07FL0218_002s,07FL0218_002,07FL0218,07FL,07FL0218.2,NULL,NULL,self,NULL,NULL,NULL,B73/[32-24]-10_043,NULL,3,NULL,32-24-10 F2:3,NULL,NULL
07FL0218_003s,07FL0218_003,07FL0218,07FL,07FL0218.3,NULL,NULL,self,NULL,NULL,NULL,B73/[32-24]-10_044,NULL,3,NULL,32-24-10 F2:3,NULL,NULL
07FL0218_004s,07FL0218_004,07FL0218,07FL,07FL0218.4,NULL,NULL,self,NULL,NULL,NULL,B73/[32-24]-10_045,NULL,3,NULL,32-24-10 F2:3,NULL,NULL
07FL0219_001s,07FL0219_001,07FL0219,07FL,07FL0219.1,NULL,NULL,self,NULL,NULL,NULL,B73/[32-24]-10_030,NULL,3,NULL,32-24-10 F2:3,NULL,NULL
07FL0219_002s,07FL0219_002,07FL0219,07FL,07FL0219.2,NULL,NULL,self,NULL,NULL,NULL,B73/[32-24]-10_031,NULL,3,NULL,32-24-10 F2:3,NULL,NULL
07FL0219_003s,07FL0219_003,07FL0219,07FL,07FL0219.3,NULL,NULL,self,NULL,NULL,NULL,B73/[32-24]-10_032,NULL,3,NULL,32-24-10 F2:3,NULL,NULL
07FL0219_004s,07FL0219_004,07FL0219,07FL,07FL0219.4,NULL,NULL,self,NULL,NULL,NULL,B73/[32-24]-10_033,NULL,3,NULL,32-24-10 F2:3,NULL,NULL
07FL0219_005s,07FL0219_005,07FL0219,07FL,07FL0219.5,NULL,NULL,self,NULL,NULL,NULL,B73/[32-24]-10_034,NULL,3,NULL,32-24-10 F2:3,NULL,NULL
07FL0219_006s,07FL0219_006,07FL0219,07FL,07FL0219.6,NULL,NULL,self,NULL,NULL,NULL,B73/[32-24]-10_035,NULL,3,NULL,32-24-10 F2:3,NULL,NULL
07FL0220_001s,07FL0220_001,07FL0220,07FL,07FL0220.1,NULL,NULL,self,NULL,NULL,NULL,B73/[32-24]-10_036,NULL,3,NULL,32-24-10 F2:3,NULL,NULL
07FL0220_002s,07FL0220_002,07FL0220,07FL,07FL0220.2,NULL,NULL,self,NULL,NULL,NULL,B73/[32-24]-10_037,NULL,3,NULL,32-24-10 F2:3,NULL,NULL
07FL0220_003s,07FL0220_003,07FL0220,07FL,07FL0220.3,NULL,NULL,self,NULL,NULL,NULL,B73/[32-24]-10_038,NULL,3,NULL,32-24-10 F2:3,NULL,NULL
07FL0220_004s,07FL0220_004,07FL0220,07FL,07FL0220.4,NULL,NULL,self,NULL,NULL,NULL,B73/[32-24]-10_039,NULL,3,NULL,32-24-10 F2:3,NULL,NULL
07FL0220_005s,07FL0220_005,07FL0220,07FL,07FL0220.5,NULL,NULL,self,NULL,NULL,NULL,B73/[32-24]-10_040,NULL,3,NULL,32-24-10 F2:3,NULL,NULL
07FL0220_006s,07FL0220_006,07FL0220,07FL,07FL0220.6,NULL,NULL,self,NULL,NULL,NULL,B73/[32-24]-10_041,NULL,3,NULL,32-24-10 F2:3,NULL,NULL
07FL0221_001s,07FL0221_001,07FL0221,07FL,07FL0221.1,NULL,NULL,self,NULL,NULL,NULL,B73/[32-24]-10_018,NULL,3,NULL,32-24-10 F2:3,NULL,NULL
07FL0221_002s,07FL0221_002,07FL0221,07FL,07FL0221.2,NULL,NULL,self,NULL,NULL,NULL,B73/[32-24]-10_019,NULL,3,NULL,32-24-10 F2:3,NULL,NULL
07FL0221_003s,07FL0221_003,07FL0221,07FL,07FL0221.3,NULL,NULL,self,NULL,NULL,NULL,B73/[32-24]-10_020,NULL,3,NULL,32-24-10 F2:3,NULL,NULL
07FL0221_004s,07FL0221_004,07FL0221,07FL,07FL0221.4,NULL,NULL,self,NULL,NULL,NULL,B73/[32-24]-10_021,NULL,3,NULL,32-24-10 F2:3,NULL,NULL
07FL0221_005s,07FL0221_005,07FL0221,07FL,07FL0221.5,NULL,NULL,self,NULL,NULL,NULL,B73/[32-24]-10_022,NULL,3,NULL,32-24-10 F2:3,NULL,NULL
07FL0221_006s,07FL0221_006,07FL0221,07FL,07FL0221.6,NULL,NULL,self,NULL,NULL,NULL,B73/[32-24]-10_023,NULL,3,NULL,32-24-10 F2:3,NULL,NULL
07FL0222_001s,07FL0222_001,07FL0222,07FL,07FL0222.1,NULL,NULL,self,NULL,NULL,NULL,B73/[32-24]-10_006,NULL,3,NULL,32-24-10 F2:3,NULL,NULL
07FL0222_002s,07FL0222_002,07FL0222,07FL,07FL0222.2,NULL,NULL,self,NULL,NULL,NULL,B73/[32-24]-10_007,NULL,3,NULL,32-24-10 F2:3,NULL,NULL
07FL0222_003s,07FL0222_003,07FL0222,07FL,07FL0222.3,NULL,NULL,self,NULL,NULL,NULL,B73/[32-24]-10_008,NULL,3,NULL,32-24-10 F2:3,NULL,NULL
07FL0222_004s,07FL0222_004,07FL0222,07FL,07FL0222.4,NULL,NULL,self,NULL,NULL,NULL,B73/[32-24]-10_009,NULL,3,NULL,32-24-10 F2:3,NULL,NULL
07FL0222_005s,07FL0222_005,07FL0222,07FL,07FL0222.5,NULL,NULL,self,NULL,NULL,NULL,B73/[32-24]-10_010,NULL,3,NULL,32-24-10 F2:3,NULL,NULL
07FL0222_006s,07FL0222_006,07FL0222,07FL,07FL0222.6,NULL,NULL,self,NULL,NULL,NULL,B73/[32-24]-10_011,NULL,3,NULL,32-24-10 F2:3,NULL,NULL
07FL0223_001s,07FL0223_001,07FL0223,07FL,07FL0223.1,NULL,NULL,self,NULL,NULL,NULL,B73/[32-24]-10_012,NULL,3,NULL,32-24-10 F2:3,NULL,NULL
07FL0223_002s,07FL0223_002,07FL0223,07FL,07FL0223.2,NULL,NULL,self,NULL,NULL,NULL,B73/[32-24]-10_013,NULL,3,NULL,32-24-10 F2:3,NULL,NULL
07FL0223_003s,07FL0223_003,07FL0223,07FL,07FL0223.3,NULL,NULL,self,NULL,NULL,NULL,B73/[32-24]-10_014,NULL,3,NULL,32-24-10 F2:3,NULL,NULL
07FL0223_004s,07FL0223_004,07FL0223,07FL,07FL0223.4,NULL,NULL,self,NULL,NULL,NULL,B73/[32-24]-10_015,NULL,3,NULL,32-24-10 F2:3,NULL,NULL
07FL0223_005s,07FL0223_005,07FL0223,07FL,07FL0223.5,NULL,NULL,self,NULL,NULL,NULL,B73/[32-24]-10_016,NULL,3,NULL,32-24-10 F2:3,NULL,NULL
07FL0223_006s,07FL0223_006,07FL0223,07FL,07FL0223.6,NULL,NULL,self,NULL,NULL,NULL,B73/[32-24]-10_017,NULL,3,NULL,32-24-10 F2:3,NULL,NULL
07FL0224_001s,07FL0224_001,07FL0224,07FL,07FL0224.1,NULL,NULL,self,NULL,NULL,NULL,B73/[32-24]-10_001,NULL,3,NULL,32-24-10 F2:3,NULL,NULL
07FL0224_002s,07FL0224_002,07FL0224,07FL,07FL0224.2,NULL,NULL,self,NULL,NULL,NULL,B73/[32-24]-10_002,NULL,3,NULL,32-24-10 F2:3,NULL,NULL
07FL0224_003s,07FL0224_003,07FL0224,07FL,07FL0224.3,NULL,NULL,self,NULL,NULL,NULL,B73/[32-24]-10_003,NULL,3,NULL,32-24-10 F2:3,NULL,NULL
07FL0224_004s,07FL0224_004,07FL0224,07FL,07FL0224.4,NULL,NULL,self,NULL,NULL,NULL,B73/[32-24]-10_004,NULL,3,NULL,32-24-10 F2:3,NULL,NULL
07FL0224_005s,07FL0224_005,07FL0224,07FL,07FL0224.5,NULL,NULL,self,NULL,NULL,NULL,B73/[32-24]-10_005,NULL,3,NULL,32-24-10 F2:3,NULL,NULL
07FL0225_001s,07FL0225_001,07FL0225,07FL,07FL0225.1,NULL,NULL,self,NULL,NULL,NULL,B73/[32-24]-10_242,NULL,3,NULL,32-24-10 F2:3,NULL,NULL
07FL0225_002s,07FL0225_002,07FL0225,07FL,07FL0225.2,NULL,NULL,self,NULL,NULL,NULL,B73/[32-24]-10_243,NULL,3,NULL,32-24-10 F2:3,NULL,NULL
07FL0225_003s,07FL0225_003,07FL0225,07FL,07FL0225.3,NULL,NULL,self,NULL,NULL,NULL,B73/[32-24]-10_244,NULL,3,NULL,32-24-10 F2:3,NULL,NULL
07FL0225_004s,07FL0225_004,07FL0225,07FL,07FL0225.4,NULL,NULL,self,NULL,NULL,NULL,B73/[32-24]-10_245,NULL,3,NULL,32-24-10 F2:3,NULL,NULL
07FL0225_005s,07FL0225_005,07FL0225,07FL,07FL0225.5,NULL,NULL,self,NULL,NULL,NULL,B73/[32-24]-10_246,NULL,3,NULL,32-24-10 F2:3,NULL,NULL
07FL0225_006s,07FL0225_006,07FL0225,07FL,07FL0225.6,NULL,NULL,self,NULL,NULL,NULL,B73/[32-24]-10_247,NULL,3,NULL,32-24-10 F2:3,NULL,NULL
07FL0225_007s,07FL0225_007,07FL0225,07FL,07FL0225.7,NULL,NULL,self,NULL,NULL,NULL,B73/[32-24]-10_248,NULL,3,NULL,32-24-10 F2:3,NULL,NULL
07FL0226_001s,07FL0226_001,07FL0226,07FL,07FL0226.1,NULL,NULL,self,NULL,NULL,NULL,B73/[32-24]-10_229,NULL,3,NULL,32-24-10 F2:3,NULL,NULL
07FL0226_002s,07FL0226_002,07FL0226,07FL,07FL0226.2,NULL,NULL,self,NULL,NULL,NULL,B73/[32-24]-10_230,NULL,3,NULL,32-24-10 F2:3,NULL,NULL
07FL0226_003s,07FL0226_003,07FL0226,07FL,07FL0226.3,NULL,NULL,self,NULL,NULL,NULL,B73/[32-24]-10_231,NULL,3,NULL,32-24-10 F2:3,NULL,NULL
07FL0226_004s,07FL0226_004,07FL0226,07FL,07FL0226.4,NULL,NULL,self,NULL,NULL,NULL,B73/[32-24]-10_232,NULL,3,NULL,32-24-10 F2:3,NULL,NULL
07FL0227_001s,07FL0227_001,07FL0227,07FL,07FL0227.1,NULL,NULL,self,NULL,NULL,NULL,B73/[32-24]-10_218,NULL,3,NULL,32-24-10 F2:3,NULL,NULL
07FL0227_002s,07FL0227_002,07FL0227,07FL,07FL0227.2,NULL,NULL,self,NULL,NULL,NULL,B73/[32-24]-10_219,NULL,3,NULL,32-24-10 F2:3,NULL,NULL
07FL0227_003s,07FL0227_003,07FL0227,07FL,07FL0227.3,NULL,NULL,self,NULL,NULL,NULL,B73/[32-24]-10_220,NULL,3,NULL,32-24-10 F2:3,NULL,NULL
07FL0227_004s,07FL0227_004,07FL0227,07FL,07FL0227.4,NULL,NULL,self,NULL,NULL,NULL,B73/[32-24]-10_221,NULL,3,NULL,32-24-10 F2:3,NULL,NULL
07FL0227_005s,07FL0227_005,07FL0227,07FL,07FL0227.5,NULL,NULL,self,NULL,NULL,NULL,B73/[32-24]-10_222,NULL,3,NULL,32-24-10 F2:3,NULL,NULL
07FL0227_006s,07FL0227_006,07FL0227,07FL,07FL0227.6,NULL,NULL,self,NULL,NULL,NULL,B73/[32-24]-10_223,NULL,3,NULL,32-24-10 F2:3,NULL,NULL
07FL0228_001s,07FL0228_001,07FL0228,07FL,07FL0228.1,NULL,NULL,self,NULL,NULL,NULL,B73/[32-24]-10_210,NULL,3,NULL,32-24-10 F2:3,NULL,NULL
07FL0228_002s,07FL0228_002,07FL0228,07FL,07FL0228.2,NULL,NULL,self,NULL,NULL,NULL,B73/[32-24]-10_211,NULL,3,NULL,32-24-10 F2:3,NULL,NULL
07FL0228_003s,07FL0228_003,07FL0228,07FL,07FL0228.3,NULL,NULL,self,NULL,NULL,NULL,B73/[32-24]-10_212,NULL,3,NULL,32-24-10 F2:3,NULL,NULL
07FL0228_004s,07FL0228_004,07FL0228,07FL,07FL0228.4,NULL,NULL,self,NULL,NULL,NULL,B73/[32-24]-10_213,NULL,3,NULL,32-24-10 F2:3,NULL,NULL
07FL0228_005s,07FL0228_005,07FL0228,07FL,07FL0228.5,NULL,NULL,self,NULL,NULL,NULL,B73/[32-24]-10_214,NULL,3,NULL,32-24-10 F2:3,NULL,NULL
07FL0228_006s,07FL0228_006,07FL0228,07FL,07FL0228.6,NULL,NULL,self,NULL,NULL,NULL,B73/[32-24]-10_215,NULL,3,NULL,32-24-10 F2:3,NULL,NULL
07FL0228_007s,07FL0228_007,07FL0228,07FL,07FL0228.7,NULL,NULL,self,NULL,NULL,NULL,B73/[32-24]-10_216,NULL,3,NULL,32-24-10 F2:3,NULL,NULL
07FL0228_008s,07FL0228_008,07FL0228,07FL,07FL0228.8,NULL,NULL,self,NULL,NULL,NULL,B73/[32-24]-10_217,NULL,3,NULL,32-24-10 F2:3,NULL,NULL
07FL0229_001s,07FL0229_001,07FL0229,07FL,07FL0229.1,NULL,NULL,self,NULL,NULL,NULL,B73/[32-24]-10_203,NULL,3,NULL,32-24-10 F2:3,NULL,NULL
07FL0229_002s,07FL0229_002,07FL0229,07FL,07FL0229.2,NULL,NULL,self,NULL,NULL,NULL,B73/[32-24]-10_204,NULL,3,NULL,32-24-10 F2:3,NULL,NULL
07FL0229_003s,07FL0229_003,07FL0229,07FL,07FL0229.3,NULL,NULL,self,NULL,NULL,NULL,B73/[32-24]-10_205,NULL,3,NULL,32-24-10 F2:3,NULL,NULL
07FL0229_004s,07FL0229_004,07FL0229,07FL,07FL0229.4,NULL,NULL,self,NULL,NULL,NULL,B73/[32-24]-10_206,NULL,3,NULL,32-24-10 F2:3,NULL,NULL
07FL0229_005s,07FL0229_005,07FL0229,07FL,07FL0229.5,NULL,NULL,self,NULL,NULL,NULL,B73/[32-24]-10_207,NULL,3,NULL,32-24-10 F2:3,NULL,NULL
07FL0229_006s,07FL0229_006,07FL0229,07FL,07FL0229.6,NULL,NULL,self,NULL,NULL,NULL,B73/[32-24]-10_208,NULL,3,NULL,32-24-10 F2:3,NULL,NULL
07FL0229_007s,07FL0229_007,07FL0229,07FL,07FL0229.7,NULL,NULL,self,NULL,NULL,NULL,B73/[32-24]-10_209,NULL,3,NULL,32-24-10 F2:3,NULL,NULL
07FL0230_001s,07FL0230_001,07FL0230,07FL,07FL0230.1,NULL,NULL,self,NULL,NULL,NULL,B73/[32-24]-10_224,NULL,3,NULL,32-24-10 F2:3,NULL,NULL
07FL0230_002s,07FL0230_002,07FL0230,07FL,07FL0230.2,NULL,NULL,self,NULL,NULL,NULL,B73/[32-24]-10_225,NULL,3,NULL,32-24-10 F2:3,NULL,NULL
07FL0230_003s,07FL0230_003,07FL0230,07FL,07FL0230.3,NULL,NULL,self,NULL,NULL,NULL,B73/[32-24]-10_226,NULL,3,NULL,32-24-10 F2:3,NULL,NULL
07FL0230_004s,07FL0230_004,07FL0230,07FL,07FL0230.4,NULL,NULL,self,NULL,NULL,NULL,B73/[32-24]-10_227,NULL,3,NULL,32-24-10 F2:3,NULL,NULL
07FL0230_005s,07FL0230_005,07FL0230,07FL,07FL0230.5,NULL,NULL,self,NULL,NULL,NULL,B73/[32-24]-10_228,NULL,3,NULL,32-24-10 F2:3,NULL,NULL
07FL0231_001s,07FL0231_001,07FL0231,07FL,07FL0231.1,NULL,NULL,self,NULL,NULL,NULL,B73/[32-24]-10_194,NULL,3,NULL,32-24-10 F2:3,NULL,NULL
07FL0231_002s,07FL0231_002,07FL0231,07FL,07FL0231.2,NULL,NULL,self,NULL,NULL,NULL,B73/[32-24]-10_195,NULL,3,NULL,32-24-10 F2:3,NULL,NULL
07FL0231_003s,07FL0231_003,07FL0231,07FL,07FL0231.3,NULL,NULL,self,NULL,NULL,NULL,B73/[32-24]-10_196,NULL,3,NULL,32-24-10 F2:3,NULL,NULL
07FL0231_004s,07FL0231_004,07FL0231,07FL,07FL0231.4,NULL,NULL,self,NULL,NULL,NULL,B73/[32-24]-10_197,NULL,3,NULL,32-24-10 F2:3,NULL,NULL
07FL0231_005s,07FL0231_005,07FL0231,07FL,07FL0231.5,NULL,NULL,self,NULL,NULL,NULL,B73/[32-24]-10_198,NULL,3,NULL,32-24-10 F2:3,NULL,NULL
07FL0231_006s,07FL0231_006,07FL0231,07FL,07FL0231.6,NULL,NULL,self,NULL,NULL,NULL,B73/[32-24]-10_199,NULL,3,NULL,32-24-10 F2:3,NULL,NULL
07FL0231_007s,07FL0231_007,07FL0231,07FL,07FL0231.7,NULL,NULL,self,NULL,NULL,NULL,B73/[32-24]-10_200,NULL,3,NULL,32-24-10 F2:3,NULL,NULL
07FL0231_008s,07FL0231_008,07FL0231,07FL,07FL0231.8,NULL,NULL,self,NULL,NULL,NULL,B73/[32-24]-10_201,NULL,3,NULL,32-24-10 F2:3,NULL,NULL
07FL0231_009s,07FL0231_009,07FL0231,07FL,07FL0231.9,NULL,NULL,self,NULL,NULL,NULL,B73/[32-24]-10_202,NULL,3,NULL,32-24-10 F2:3,NULL,NULL
07FL0232_001s,07FL0232_001,07FL0232,07FL,07FL0232.1,NULL,NULL,self,NULL,NULL,NULL,B73/[32-24]-10_188,NULL,3,NULL,32-24-10 F2:3,NULL,NULL
07FL0232_002s,07FL0232_002,07FL0232,07FL,07FL0232.2,NULL,NULL,self,NULL,NULL,NULL,B73/[32-24]-10_189,NULL,3,NULL,32-24-10 F2:3,NULL,NULL
07FL0232_003s,07FL0232_003,07FL0232,07FL,07FL0232.3,NULL,NULL,self,NULL,NULL,NULL,B73/[32-24]-10_190,NULL,3,NULL,32-24-10 F2:3,NULL,NULL
07FL0232_004s,07FL0232_004,07FL0232,07FL,07FL0232.4,NULL,NULL,self,NULL,NULL,NULL,B73/[32-24]-10_191,NULL,3,NULL,32-24-10 F2:3,NULL,NULL
07FL0232_005s,07FL0232_005,07FL0232,07FL,07FL0232.5,NULL,NULL,self,NULL,NULL,NULL,B73/[32-24]-10_192,NULL,3,NULL,32-24-10 F2:3,NULL,NULL
07FL0232_006s,07FL0232_006,07FL0232,07FL,07FL0232.6,NULL,NULL,self,NULL,NULL,NULL,B73/[32-24]-10_193,NULL,3,NULL,32-24-10 F2:3,NULL,NULL
07FL0233_001s,07FL0233_001,07FL0233,07FL,07FL0233.1,NULL,NULL,self,NULL,NULL,NULL,B73/[32-24]-10_177,NULL,3,NULL,32-24-10 F2:3,NULL,NULL
07FL0233_002s,07FL0233_002,07FL0233,07FL,07FL0233.2,NULL,NULL,self,NULL,NULL,NULL,B73/[32-24]-10_178,NULL,3,NULL,32-24-10 F2:3,NULL,NULL
07FL0233_003s,07FL0233_003,07FL0233,07FL,07FL0233.3,NULL,NULL,self,NULL,NULL,NULL,B73/[32-24]-10_179,NULL,3,NULL,32-24-10 F2:3,NULL,NULL
07FL0233_004s,07FL0233_004,07FL0233,07FL,07FL0233.4,NULL,NULL,self,NULL,NULL,NULL,B73/[32-24]-10_180,NULL,3,NULL,32-24-10 F2:3,NULL,NULL
07FL0233_005s,07FL0233_005,07FL0233,07FL,07FL0233.5,NULL,NULL,self,NULL,NULL,NULL,B73/[32-24]-10_181,NULL,3,NULL,32-24-10 F2:3,NULL,NULL
07FL0233_006s,07FL0233_006,07FL0233,07FL,07FL0233.6,NULL,NULL,self,NULL,NULL,NULL,B73/[32-24]-10_182,NULL,3,NULL,32-24-10 F2:3,NULL,NULL
07FL0234_001s,07FL0234_001,07FL0234,07FL,07FL0234.1,NULL,NULL,self,NULL,NULL,NULL,B73/[32-24]-10_158,NULL,3,NULL,32-24-10 F2:3,NULL,NULL
07FL0234_002s,07FL0234_002,07FL0234,07FL,07FL0234.2,NULL,NULL,self,NULL,NULL,NULL,B73/[32-24]-10_159,NULL,3,NULL,32-24-10 F2:3,NULL,NULL
07FL0234_003s,07FL0234_003,07FL0234,07FL,07FL0234.3,NULL,NULL,self,NULL,NULL,NULL,B73/[32-24]-10_160,NULL,3,NULL,32-24-10 F2:3,NULL,NULL
07FL0234_004s,07FL0234_004,07FL0234,07FL,07FL0234.4,NULL,NULL,self,NULL,NULL,NULL,B73/[32-24]-10_161,NULL,3,NULL,32-24-10 F2:3,NULL,NULL
07FL0234_005s,07FL0234_005,07FL0234,07FL,07FL0234.5,NULL,NULL,self,NULL,NULL,NULL,B73/[32-24]-10_162,NULL,3,NULL,32-24-10 F2:3,NULL,NULL
07FL0235_001s,07FL0235_001,07FL0235,07FL,07FL0235.1,NULL,NULL,self,NULL,NULL,NULL,B73/[32-24]-10_233,NULL,3,NULL,32-24-10 F2:3,NULL,NULL
07FL0235_002s,07FL0235_002,07FL0235,07FL,07FL0235.2,NULL,NULL,self,NULL,NULL,NULL,B73/[32-24]-10_234,NULL,3,NULL,32-24-10 F2:3,NULL,NULL
07FL0235_003s,07FL0235_003,07FL0235,07FL,07FL0235.3,NULL,NULL,self,NULL,NULL,NULL,B73/[32-24]-10_235,NULL,3,NULL,32-24-10 F2:3,NULL,NULL
07FL0235_004s,07FL0235_004,07FL0235,07FL,07FL0235.4,NULL,NULL,self,NULL,NULL,NULL,B73/[32-24]-10_236,NULL,3,NULL,32-24-10 F2:3,NULL,NULL
07FL0235_005s,07FL0235_005,07FL0235,07FL,07FL0235.5,NULL,NULL,self,NULL,NULL,NULL,B73/[32-24]-10_237,NULL,3,NULL,32-24-10 F2:3,NULL,NULL
07FL0235_006s,07FL0235_006,07FL0235,07FL,07FL0235.6,NULL,NULL,self,NULL,NULL,NULL,B73/[32-24]-10_238,NULL,3,NULL,32-24-10 F2:3,NULL,NULL
07FL0235_007s,07FL0235_007,07FL0235,07FL,07FL0235.7,NULL,NULL,self,NULL,NULL,NULL,B73/[32-24]-10_239,NULL,3,NULL,32-24-10 F2:3,NULL,NULL
07FL0235_008s,07FL0235_008,07FL0235,07FL,07FL0235.8,NULL,NULL,self,NULL,NULL,NULL,B73/[32-24]-10_240,NULL,3,NULL,32-24-10 F2:3,NULL,NULL
07FL0235_009s,07FL0235_009,07FL0235,07FL,07FL0235.9,NULL,NULL,self,NULL,NULL,NULL,B73/[32-24]-10_241,NULL,3,NULL,32-24-10 F2:3,NULL,NULL
07FL0236_001s,07FL0236_001,07FL0236,07FL,07FL0236.1,NULL,NULL,self,NULL,NULL,NULL,B73/[32-24]-10_183,NULL,3,NULL,32-24-10 F2:3,NULL,NULL
07FL0236_002s,07FL0236_002,07FL0236,07FL,07FL0236.2,NULL,NULL,self,NULL,NULL,NULL,B73/[32-24]-10_184,NULL,3,NULL,32-24-10 F2:3,NULL,NULL
07FL0236_003s,07FL0236_003,07FL0236,07FL,07FL0236.3,NULL,NULL,self,NULL,NULL,NULL,B73/[32-24]-10_185,NULL,3,NULL,32-24-10 F2:3,NULL,NULL
07FL0236_004s,07FL0236_004,07FL0236,07FL,07FL0236.4,NULL,NULL,self,NULL,NULL,NULL,B73/[32-24]-10_186,NULL,3,NULL,32-24-10 F2:3,NULL,NULL
07FL0236_005s,07FL0236_005,07FL0236,07FL,07FL0236.5,NULL,NULL,self,NULL,NULL,NULL,B73/[32-24]-10_187,NULL,3,NULL,32-24-10 F2:3,NULL,NULL
07FL0237_001s,07FL0237_001,07FL0237,07FL,07FL0237.1,NULL,NULL,self,NULL,NULL,NULL,B73/[32-24]-10_169,NULL,3,NULL,32-24-10 F2:3,NULL,NULL
07FL0237_002s,07FL0237_002,07FL0237,07FL,07FL0237.2,NULL,NULL,self,NULL,NULL,NULL,B73/[32-24]-10_170,NULL,3,NULL,32-24-10 F2:3,NULL,NULL
07FL0237_003s,07FL0237_003,07FL0237,07FL,07FL0237.3,NULL,NULL,self,NULL,NULL,NULL,B73/[32-24]-10_171,NULL,3,NULL,32-24-10 F2:3,NULL,NULL
07FL0237_004s,07FL0237_004,07FL0237,07FL,07FL0237.4,NULL,NULL,self,NULL,NULL,NULL,B73/[32-24]-10_172,NULL,3,NULL,32-24-10 F2:3,NULL,NULL
07FL0237_005s,07FL0237_005,07FL0237,07FL,07FL0237.5,NULL,NULL,self,NULL,NULL,NULL,B73/[32-24]-10_173,NULL,3,NULL,32-24-10 F2:3,NULL,NULL
07FL0237_006s,07FL0237_006,07FL0237,07FL,07FL0237.6,NULL,NULL,self,NULL,NULL,NULL,B73/[32-24]-10_174,NULL,3,NULL,32-24-10 F2:3,NULL,NULL
07FL0237_007s,07FL0237_007,07FL0237,07FL,07FL0237.7,NULL,NULL,self,NULL,NULL,NULL,B73/[32-24]-10_175,NULL,3,NULL,32-24-10 F2:3,NULL,NULL
07FL0237_008s,07FL0237_008,07FL0237,07FL,07FL0237.8,NULL,NULL,self,NULL,NULL,NULL,B73/[32-24]-10_176,NULL,3,NULL,32-24-10 F2:3,NULL,NULL
07FL0238_001s,07FL0238_001,07FL0238,07FL,07FL0238.1,NULL,NULL,self,NULL,NULL,NULL,B73/[32-24]-10_163,NULL,3,NULL,32-24-10 F2:3,NULL,NULL
07FL0238_002s,07FL0238_002,07FL0238,07FL,07FL0238.2,NULL,NULL,self,NULL,NULL,NULL,B73/[32-24]-10_164,NULL,3,NULL,32-24-10 F2:3,NULL,NULL
07FL0238_003s,07FL0238_003,07FL0238,07FL,07FL0238.3,NULL,NULL,self,NULL,NULL,NULL,B73/[32-24]-10_165,NULL,3,NULL,32-24-10 F2:3,NULL,NULL
07FL0238_004s,07FL0238_004,07FL0238,07FL,07FL0238.4,NULL,NULL,self,NULL,NULL,NULL,B73/[32-24]-10_166,NULL,3,NULL,32-24-10 F2:3,NULL,NULL
07FL0238_005s,07FL0238_005,07FL0238,07FL,07FL0238.5,NULL,NULL,self,NULL,NULL,NULL,B73/[32-24]-10_167,NULL,3,NULL,32-24-10 F2:3,NULL,NULL
07FL0238_006s,07FL0238_006,07FL0238,07FL,07FL0238.6,NULL,NULL,self,NULL,NULL,NULL,B73/[32-24]-10_168,NULL,3,NULL,32-24-10 F2:3,NULL,NULL
07FL0239_001s,07FL0239_001,07FL0239,07FL,07FL0239.1,NULL,NULL,self,NULL,NULL,NULL,B73/[32-24]-10_134,NULL,3,NULL,32-24-10 F2:3,NULL,NULL
07FL0239_002s,07FL0239_002,07FL0239,07FL,07FL0239.2,NULL,NULL,self,NULL,NULL,NULL,B73/[32-24]-10_135,NULL,3,NULL,32-24-10 F2:3,NULL,NULL
07FL0239_003s,07FL0239_003,07FL0239,07FL,07FL0239.3,NULL,NULL,self,NULL,NULL,NULL,B73/[32-24]-10_136,NULL,3,NULL,32-24-10 F2:3,NULL,NULL
07FL0239_004s,07FL0239_004,07FL0239,07FL,07FL0239.4,NULL,NULL,self,NULL,NULL,NULL,B73/[32-24]-10_137,NULL,3,NULL,32-24-10 F2:3,NULL,NULL
07FL0239_005s,07FL0239_005,07FL0239,07FL,07FL0239.5,NULL,NULL,self,NULL,NULL,NULL,B73/[32-24]-10_138,NULL,3,NULL,32-24-10 F2:3,NULL,NULL
07FL0239_006s,07FL0239_006,07FL0239,07FL,07FL0239.6,NULL,NULL,self,NULL,NULL,NULL,B73/[32-24]-10_139,NULL,3,NULL,32-24-10 F2:3,NULL,NULL
07FL0239_007s,07FL0239_007,07FL0239,07FL,07FL0239.7,NULL,NULL,self,NULL,NULL,NULL,B73/[32-24]-10_140,NULL,3,NULL,32-24-10 F2:3,NULL,NULL
07FL0239_008s,07FL0239_008,07FL0239,07FL,07FL0239.8,NULL,NULL,self,NULL,NULL,NULL,B73/[32-24]-10_141,NULL,3,NULL,32-24-10 F2:3,NULL,NULL
07FL0239_009s,07FL0239_009,07FL0239,07FL,07FL0239.9,NULL,NULL,self,NULL,NULL,NULL,B73/[32-24]-10_142,NULL,3,NULL,32-24-10 F2:3,NULL,NULL
07FL0240_001s,07FL0240_001,07FL0240,07FL,07FL0240.1,NULL,NULL,self,NULL,NULL,NULL,B73/[32-24]-10_152,NULL,3,NULL,32-24-10 F2:3,NULL,NULL
07FL0240_002s,07FL0240_002,07FL0240,07FL,07FL0240.2,NULL,NULL,self,NULL,NULL,NULL,B73/[32-24]-10_153,NULL,3,NULL,32-24-10 F2:3,NULL,NULL
07FL0240_003s,07FL0240_003,07FL0240,07FL,07FL0240.3,NULL,NULL,self,NULL,NULL,NULL,B73/[32-24]-10_154,NULL,3,NULL,32-24-10 F2:3,NULL,NULL
07FL0240_004s,07FL0240_004,07FL0240,07FL,07FL0240.4,NULL,NULL,self,NULL,NULL,NULL,B73/[32-24]-10_155,NULL,3,NULL,32-24-10 F2:3,NULL,NULL
07FL0240_005s,07FL0240_005,07FL0240,07FL,07FL0240.5,NULL,NULL,self,NULL,NULL,NULL,B73/[32-24]-10_156,NULL,3,NULL,32-24-10 F2:3,NULL,NULL
07FL0240_006s,07FL0240_006,07FL0240,07FL,07FL0240.6,NULL,NULL,self,NULL,NULL,NULL,B73/[32-24]-10_157,NULL,3,NULL,32-24-10 F2:3,NULL,NULL
07FL0241_001s,07FL0241_001,07FL0241,07FL,07FL0241.1,NULL,NULL,self,NULL,NULL,NULL,B73/[32-24]-10_148,NULL,3,NULL,32-24-10 F2:3,NULL,NULL
07FL0241_002s,07FL0241_002,07FL0241,07FL,07FL0241.2,NULL,NULL,self,NULL,NULL,NULL,B73/[32-24]-10_149,NULL,3,NULL,32-24-10 F2:3,NULL,NULL
07FL0241_003s,07FL0241_003,07FL0241,07FL,07FL0241.3,NULL,NULL,self,NULL,NULL,NULL,B73/[32-24]-10_150,NULL,3,NULL,32-24-10 F2:3,NULL,NULL
07FL0241_004s,07FL0241_004,07FL0241,07FL,07FL0241.4,NULL,NULL,self,NULL,NULL,NULL,B73/[32-24]-10_151,NULL,3,NULL,32-24-10 F2:3,NULL,NULL
07FL0242_001s,07FL0242_001,07FL0242,07FL,07FL0242.1,NULL,NULL,self,NULL,NULL,NULL,B73/[32-24]-10_143,NULL,3,NULL,32-24-10 F2:3,NULL,NULL
07FL0242_002s,07FL0242_002,07FL0242,07FL,07FL0242.2,NULL,NULL,self,NULL,NULL,NULL,B73/[32-24]-10_144,NULL,3,NULL,32-24-10 F2:3,NULL,NULL
07FL0242_003s,07FL0242_003,07FL0242,07FL,07FL0242.3,NULL,NULL,self,NULL,NULL,NULL,B73/[32-24]-10_145,NULL,3,NULL,32-24-10 F2:3,NULL,NULL
07FL0242_004s,07FL0242_004,07FL0242,07FL,07FL0242.4,NULL,NULL,self,NULL,NULL,NULL,B73/[32-24]-10_146,NULL,3,NULL,32-24-10 F2:3,NULL,NULL
07FL0242_005s,07FL0242_005,07FL0242,07FL,07FL0242.5,NULL,NULL,self,NULL,NULL,NULL,B73/[32-24]-10_147,NULL,3,NULL,32-24-10 F2:3,NULL,NULL
07FL0243_001s,07FL0243_001,07FL0243,07FL,07FL0243.1,NULL,NULL,self,NULL,NULL,NULL,B73/[32-24]-10_126,NULL,3,NULL,32-24-10 F2:3,NULL,NULL
07FL0243_002s,07FL0243_002,07FL0243,07FL,07FL0243.2,NULL,NULL,self,NULL,NULL,NULL,B73/[32-24]-10_127,NULL,3,NULL,32-24-10 F2:3,NULL,NULL
07FL0243_003s,07FL0243_003,07FL0243,07FL,07FL0243.3,NULL,NULL,self,NULL,NULL,NULL,B73/[32-24]-10_128,NULL,3,NULL,32-24-10 F2:3,NULL,NULL
07FL0243_004s,07FL0243_004,07FL0243,07FL,07FL0243.4,NULL,NULL,self,NULL,NULL,NULL,B73/[32-24]-10_129,NULL,3,NULL,32-24-10 F2:3,NULL,NULL
07FL0243_005s,07FL0243_005,07FL0243,07FL,07FL0243.5,NULL,NULL,self,NULL,NULL,NULL,B73/[32-24]-10_130,NULL,3,NULL,32-24-10 F2:3,NULL,NULL
07FL0243_006s,07FL0243_006,07FL0243,07FL,07FL0243.6,NULL,NULL,self,NULL,NULL,NULL,B73/[32-24]-10_131,NULL,3,NULL,32-24-10 F2:3,NULL,NULL
07FL0243_007s,07FL0243_007,07FL0243,07FL,07FL0243.7,NULL,NULL,self,NULL,NULL,NULL,B73/[32-24]-10_132,NULL,3,NULL,32-24-10 F2:3,NULL,NULL
07FL0243_008s,07FL0243_008,07FL0243,07FL,07FL0243.8,NULL,NULL,self,NULL,NULL,NULL,B73/[32-24]-10_133,NULL,3,NULL,32-24-10 F2:3,NULL,NULL
07FL0260_001x,07FL0260_001,07FL0260,07FL,07FL0260_001 x B73,NULL,NULL,cross,NULL,B73,NULL,B73(4)/[32-24]-6-44-01,NULL,3,NULL,P30_Et4 [32-24] BC3,NULL,NULL
07FL0260_002x,07FL0260_002,07FL0260,07FL,07FL0260_002 x B73,NULL,NULL,cross,NULL,B73,NULL,B73(4)/[32-24]-6-44-02,NULL,3,NULL,P30_Et4 [32-24] BC3,NULL,NULL
07FL0260_003x,07FL0260_003,07FL0260,07FL,07FL0260_003 x B73,NULL,NULL,cross,NULL,B73,NULL,B73(4)/[32-24]-6-44-03,NULL,3,NULL,P30_Et4 [32-24] BC3,NULL,NULL
07FL0260_004x,07FL0260_004,07FL0260,07FL,07FL0260_004 x B73,NULL,NULL,cross,NULL,B73,NULL,B73(4)/[32-24]-6-44-04,NULL,3,NULL,P30_Et4 [32-24] BC3,NULL,NULL
07FL0261_001x,07FL0261_001,07FL0261,07FL,07FL0261_001 x B73,NULL,NULL,cross,NULL,B73,NULL,B73(4)/[32-24]-5-23-01,NULL,3,NULL,P30_Et4 [32-24] BC3,NULL,NULL
07FL0261_002x,07FL0261_002,07FL0261,07FL,07FL0261_002 x B73,NULL,NULL,cross,NULL,B73,NULL,B73(4)/[32-24]-5-23-02,NULL,3,NULL,P30_Et4 [32-24] BC3,NULL,NULL
07FL0261_003x,07FL0261_003,07FL0261,07FL,07FL0261_003 x B73,NULL,NULL,cross,NULL,B73,NULL,B73(4)/[32-24]-5-23-03,NULL,3,NULL,P30_Et4 [32-24] BC3,NULL,NULL
07FL0261_004x,07FL0261_004,07FL0261,07FL,07FL0261_004 x B73,NULL,NULL,cross,NULL,B73,NULL,B73(4)/[32-24]-5-23-04,NULL,3,NULL,P30_Et4 [32-24] BC3,NULL,NULL
07FL0262_001x,07FL0262_001,07FL0262,07FL,07FL0262_001 x B73,NULL,NULL,cross,NULL,B73,NULL,B73(4)/[32-24]-5-24-01,NULL,3,NULL,P30_Et4 [32-24] BC3,NULL,NULL
07FL0262_002x,07FL0262_002,07FL0262,07FL,07FL0262_002 x B73,NULL,NULL,cross,NULL,B73,NULL,B73(4)/[32-24]-5-24-02,NULL,3,NULL,P30_Et4 [32-24] BC3,NULL,NULL
07FL0262_003x,07FL0262_003,07FL0262,07FL,07FL0262_003 x B73,NULL,NULL,cross,NULL,B73,NULL,B73(4)/[32-24]-5-24-03,NULL,3,NULL,P30_Et4 [32-24] BC3,NULL,NULL
07FL0262_004x,07FL0262_004,07FL0262,07FL,07FL0262_004 x B73,NULL,NULL,cross,NULL,B73,NULL,B73(4)/[32-24]-5-24-04,NULL,3,NULL,P30_Et4 [32-24] BC3,NULL,NULL
07FL0262_005x,07FL0262_005,07FL0262,07FL,07FL0262_005 x B73,NULL,NULL,cross,NULL,B73,NULL,B73(4)/[32-24]-5-24-05,NULL,3,NULL,P30_Et4 [32-24] BC3,NULL,NULL
07FL0263_001x,07FL0263_001,07FL0263,07FL,07FL0263_001 x B73,NULL,NULL,cross,NULL,B73,NULL,B73(4)/[32-24]-5-31-01,NULL,3,NULL,P30_Et4 [32-24] BC3,NULL,NULL
07FL0263_002x,07FL0263_002,07FL0263,07FL,07FL0263_002 x B73,NULL,NULL,cross,NULL,B73,NULL,B73(4)/[32-24]-5-31-02,NULL,3,NULL,P30_Et4 [32-24] BC3,NULL,NULL
07FL0263_003x,07FL0263_003,07FL0263,07FL,07FL0263_003 x B73,NULL,NULL,cross,NULL,B73,NULL,B73(4)/[32-24]-5-31-03,NULL,3,NULL,P30_Et4 [32-24] BC3,NULL,NULL
07FL0263_004x,07FL0263_004,07FL0263,07FL,07FL0263_004 x B73,NULL,NULL,cross,NULL,B73,NULL,B73(4)/[32-24]-5-31-04,NULL,3,NULL,P30_Et4 [32-24] BC3,NULL,NULL
07FL0263_005x,07FL0263_005,07FL0263,07FL,07FL0263_005 x B73,NULL,NULL,cross,NULL,B73,NULL,B73(4)/[32-24]-5-31-05,NULL,3,NULL,P30_Et4 [32-24] BC3,NULL,NULL
07FL0264_001x,07FL0264_001,07FL0264,07FL,07FL0264_001 x B73,NULL,NULL,cross,NULL,B73,NULL,B73(4)/[32-24]-5-32-01,NULL,3,NULL,P30_Et4 [32-24] BC3,NULL,NULL
07FL0264_002x,07FL0264_002,07FL0264,07FL,07FL0264_002 x B73,NULL,NULL,cross,NULL,B73,NULL,B73(4)/[32-24]-5-32-02,NULL,3,NULL,P30_Et4 [32-24] BC3,NULL,NULL
07FL0264_003x,07FL0264_003,07FL0264,07FL,07FL0264_003 x B73,NULL,NULL,cross,NULL,B73,NULL,B73(4)/[32-24]-5-32-03,NULL,3,NULL,P30_Et4 [32-24] BC3,NULL,NULL
07FL0264_004x,07FL0264_004,07FL0264,07FL,07FL0264_004 x B73,NULL,NULL,cross,NULL,B73,NULL,B73(4)/[32-24]-5-32-04,NULL,3,NULL,P30_Et4 [32-24] BC3,NULL,NULL
07FL0264_005x,07FL0264_005,07FL0264,07FL,07FL0264_005 x B73,NULL,NULL,cross,NULL,B73,NULL,B73(4)/[32-24]-5-32-05,NULL,3,NULL,P30_Et4 [32-24] BC3,NULL,NULL
07FL0264_006x,07FL0264_006,07FL0264,07FL,07FL0264_006 x B73,NULL,NULL,cross,NULL,B73,NULL,B73(4)/[32-24]-5-32-06,NULL,3,NULL,P30_Et4 [32-24] BC3,NULL,NULL
07FL0265_001x,07FL0265_001,07FL0265,07FL,07FL0265_001 x B73,NULL,NULL,cross,NULL,B73,NULL,B73(4)/[32-24]-6-36-01,NULL,3,NULL,P30_Et4 [32-24] BC3,NULL,NULL
07FL0265_002x,07FL0265_002,07FL0265,07FL,07FL0265_002 x B73,NULL,NULL,cross,NULL,B73,NULL,B73(4)/[32-24]-6-36-02,NULL,3,NULL,P30_Et4 [32-24] BC3,NULL,NULL
07FL0265_003x,07FL0265_003,07FL0265,07FL,07FL0265_003 x B73,NULL,NULL,cross,NULL,B73,NULL,B73(4)/[32-24]-6-36-03,NULL,3,NULL,P30_Et4 [32-24] BC3,NULL,NULL
07FL0265_004x,07FL0265_004,07FL0265,07FL,07FL0265_004 x B73,NULL,NULL,cross,NULL,B73,NULL,B73(4)/[32-24]-6-36-04,NULL,3,NULL,P30_Et4 [32-24] BC3,NULL,NULL
07FL0265_005x,07FL0265_005,07FL0265,07FL,07FL0265_005 x B73,NULL,NULL,cross,NULL,B73,NULL,B73(4)/[32-24]-6-36-05,NULL,3,NULL,P30_Et4 [32-24] BC3,NULL,NULL
07FL0266_001x,07FL0266_001,07FL0266,07FL,07FL0266_001 x B73,NULL,NULL,cross,NULL,B73,NULL,B73(4)/[32-24]-5-35-01,NULL,3,NULL,P30_Et4 [32-24] BC3,NULL,NULL
07FL0267_001x,07FL0267_001,07FL0267,07FL,07FL0267_001 x B73,NULL,NULL,cross,NULL,B73,NULL,B73(4)/[32-24]-5-42-01,NULL,3,NULL,P30_Et4 [32-24] BC3,NULL,NULL
07FL0267_002x,07FL0267_002,07FL0267,07FL,07FL0267_002 x B73,NULL,NULL,cross,NULL,B73,NULL,B73(4)/[32-24]-5-42-02,NULL,3,NULL,P30_Et4 [32-24] BC3,NULL,NULL
07FL0267_003x,07FL0267_003,07FL0267,07FL,07FL0267_003 x B73,NULL,NULL,cross,NULL,B73,NULL,B73(4)/[32-24]-5-42-03,NULL,3,NULL,P30_Et4 [32-24] BC3,NULL,NULL
07FL0267_004x,07FL0267_004,07FL0267,07FL,07FL0267_004 x B73,NULL,NULL,cross,NULL,B73,NULL,B73(4)/[32-24]-5-42-04,NULL,3,NULL,P30_Et4 [32-24] BC3,NULL,NULL
07FL0267_005x,07FL0267_005,07FL0267,07FL,07FL0267_005 x B73,NULL,NULL,cross,NULL,B73,NULL,B73(4)/[32-24]-5-42-05,NULL,3,NULL,P30_Et4 [32-24] BC3,NULL,NULL
07FL0268_001x,07FL0268_001,07FL0268,07FL,07FL0268_001 x B73,NULL,NULL,cross,NULL,B73,NULL,B73(4)/[32-24]-5-43-01,NULL,3,NULL,P30_Et4 [32-24] BC3,NULL,NULL
07FL0268_002x,07FL0268_002,07FL0268,07FL,07FL0268_002 x B73,NULL,NULL,cross,NULL,B73,NULL,B73(4)/[32-24]-5-43-02,NULL,3,NULL,P30_Et4 [32-24] BC3,NULL,NULL
07FL0268_003x,07FL0268_003,07FL0268,07FL,07FL0268_003 x B73,NULL,NULL,cross,NULL,B73,NULL,B73(4)/[32-24]-5-43-03,NULL,3,NULL,P30_Et4 [32-24] BC3,NULL,NULL
07FL0268_004x,07FL0268_004,07FL0268,07FL,07FL0268_004 x B73,NULL,NULL,cross,NULL,B73,NULL,B73(4)/[32-24]-5-43-04,NULL,3,NULL,P30_Et4 [32-24] BC3,NULL,NULL
07FL0269_001x,07FL0269_001,07FL0269,07FL,07FL0269_001 x B73,NULL,NULL,cross,NULL,B73,NULL,B73(4)/[32-24]-5-45-01,NULL,3,NULL,P30_Et4 [32-24] BC3,NULL,NULL
07FL0269_002x,07FL0269_002,07FL0269,07FL,07FL0269_002 x B73,NULL,NULL,cross,NULL,B73,NULL,B73(4)/[32-24]-5-45-02,NULL,3,NULL,P30_Et4 [32-24] BC3,NULL,NULL
07FL0269_003x,07FL0269_003,07FL0269,07FL,07FL0269_003 x B73,NULL,NULL,cross,NULL,B73,NULL,B73(4)/[32-24]-5-45-03,NULL,3,NULL,P30_Et4 [32-24] BC3,NULL,NULL
07FL0269_004x,07FL0269_004,07FL0269,07FL,07FL0269_004 x B73,NULL,NULL,cross,NULL,B73,NULL,B73(4)/[32-24]-5-45-04,NULL,3,NULL,P30_Et4 [32-24] BC3,NULL,NULL
07FL0269_005x,07FL0269_005,07FL0269,07FL,07FL0269_005 x B73,NULL,NULL,cross,NULL,B73,NULL,B73(4)/[32-24]-5-45-05,NULL,3,NULL,P30_Et4 [32-24] BC3,NULL,NULL
07FL0270_001x,07FL0270_001,07FL0270,07FL,07FL0270_001 x B73,NULL,NULL,cross,NULL,B73,NULL,B73(4)/[32-24]-5-51-01,NULL,3,NULL,P30_Et4 [32-24] BC3,NULL,NULL
07FL0270_002x,07FL0270_002,07FL0270,07FL,07FL0270_002 x B73,NULL,NULL,cross,NULL,B73,NULL,B73(4)/[32-24]-5-51-02,NULL,3,NULL,P30_Et4 [32-24] BC3,NULL,NULL
07FL0271_001x,07FL0271_001,07FL0271,07FL,07FL0271_001 x B73,NULL,NULL,cross,NULL,B73,NULL,B73(4)/[32-24]-5-54-01,NULL,3,NULL,P30_Et4 [32-24] BC3,NULL,NULL
07FL0271_002x,07FL0271_002,07FL0271,07FL,07FL0271_002 x B73,NULL,NULL,cross,NULL,B73,NULL,B73(4)/[32-24]-5-54-02,NULL,3,NULL,P30_Et4 [32-24] BC3,NULL,NULL
07FL0271_003x,07FL0271_003,07FL0271,07FL,07FL0271_003 x B73,NULL,NULL,cross,NULL,B73,NULL,B73(4)/[32-24]-5-54-03,NULL,3,NULL,P30_Et4 [32-24] BC3,NULL,NULL
07FL0271_004x,07FL0271_004,07FL0271,07FL,07FL0271_004 x B73,NULL,NULL,cross,NULL,B73,NULL,B73(4)/[32-24]-5-54-04,NULL,3,NULL,P30_Et4 [32-24] BC3,NULL,NULL
07FL0271_005x,07FL0271_005,07FL0271,07FL,07FL0271_005 x B73,NULL,NULL,cross,NULL,B73,NULL,B73(4)/[32-24]-5-54-05,NULL,3,NULL,P30_Et4 [32-24] BC3,NULL,NULL
07FL0272_001x,07FL0272_001,07FL0272,07FL,07FL0272_001 x B73,NULL,NULL,cross,NULL,B73,NULL,B73(4)/[32-24]-5-55-01,NULL,3,NULL,P30_Et4 [32-24] BC3,NULL,NULL
07FL0272_002x,07FL0272_002,07FL0272,07FL,07FL0272_002 x B73,NULL,NULL,cross,NULL,B73,NULL,B73(4)/[32-24]-5-55-02,NULL,3,NULL,P30_Et4 [32-24] BC3,NULL,NULL
07FL0272_003x,07FL0272_003,07FL0272,07FL,07FL0272_003 x B73,NULL,NULL,cross,NULL,B73,NULL,B73(4)/[32-24]-5-55-03,NULL,3,NULL,P30_Et4 [32-24] BC3,NULL,NULL
07FL0272_004x,07FL0272_004,07FL0272,07FL,07FL0272_004 x B73,NULL,NULL,cross,NULL,B73,NULL,B73(4)/[32-24]-5-55-04,NULL,3,NULL,P30_Et4 [32-24] BC3,NULL,NULL
07FL0272_005x,07FL0272_005,07FL0272,07FL,07FL0272_005 x B73,NULL,NULL,cross,NULL,B73,NULL,B73(4)/[32-24]-5-55-05,NULL,3,NULL,P30_Et4 [32-24] BC3,NULL,NULL
07FL0273_001x,07FL0273_001,07FL0273,07FL,07FL0273_001 x B73,NULL,NULL,cross,NULL,B73,NULL,B73(4)/[32-24]-6-43-01,NULL,3,NULL,P30_Et4 [32-24] BC3,NULL,NULL
07FL0273_002x,07FL0273_002,07FL0273,07FL,07FL0273_002 x B73,NULL,NULL,cross,NULL,B73,NULL,B73(4)/[32-24]-6-43-02,NULL,3,NULL,P30_Et4 [32-24] BC3,NULL,NULL
07FL0273_003x,07FL0273_003,07FL0273,07FL,07FL0273_003 x B73,NULL,NULL,cross,NULL,B73,NULL,B73(4)/[32-24]-6-43-03,NULL,3,NULL,P30_Et4 [32-24] BC3,NULL,NULL
07FL0273_004x,07FL0273_004,07FL0273,07FL,07FL0273_004 x B73,NULL,NULL,cross,NULL,B73,NULL,B73(4)/[32-24]-6-43-04,NULL,3,NULL,P30_Et4 [32-24] BC3,NULL,NULL
07FL0273_005x,07FL0273_005,07FL0273,07FL,07FL0273_005 x B73,NULL,NULL,cross,NULL,B73,NULL,B73(4)/[32-24]-6-43-05,NULL,3,NULL,P30_Et4 [32-24] BC3,NULL,NULL
07FL0274_001x,07FL0274_001,07FL0274,07FL,07FL0274_001 x B73,NULL,NULL,cross,NULL,B73,NULL,B73(4)/[32-24]-6-54-01,NULL,3,NULL,P30_Et4 [32-24] BC3,NULL,NULL
07FL0275_001x,07FL0275_001,07FL0275,07FL,07FL0275_001 x B73,NULL,NULL,cross,NULL,B73,NULL,B73(4)/[32-24]-6-55-01,NULL,3,NULL,P30_Et4 [32-24] BC3,NULL,NULL
07FL0275_002x,07FL0275_002,07FL0275,07FL,07FL0275_002 x B73,NULL,NULL,cross,NULL,B73,NULL,B73(4)/[32-24]-6-55-02,NULL,3,NULL,P30_Et4 [32-24] BC3,NULL,NULL
07FL0275_003x,07FL0275_003,07FL0275,07FL,07FL0275_003 x B73,NULL,NULL,cross,NULL,B73,NULL,B73(4)/[32-24]-6-55-03,NULL,3,NULL,P30_Et4 [32-24] BC3,NULL,NULL
07FL0275_004x,07FL0275_004,07FL0275,07FL,07FL0275_004 x B73,NULL,NULL,cross,NULL,B73,NULL,B73(4)/[32-24]-6-55-04,NULL,3,NULL,P30_Et4 [32-24] BC3,NULL,NULL
07FL0275_005x,07FL0275_005,07FL0275,07FL,07FL0275_005 x B73,NULL,NULL,cross,NULL,B73,NULL,B73(4)/[32-24]-6-55-05,NULL,3,NULL,P30_Et4 [32-24] BC3,NULL,NULL
07FL0278_001s,07FL0278_001,07FL0278,07FL,07FL0278_001   Self,NULL,NULL,self,NULL,NULL,NULL,B73(3)/[32-24]-5-23_01,NULL,3,NULL,P30_Et4 [32-24] BC2 S1,NULL,NULL
07FL0278_002s,07FL0278_002,07FL0278,07FL,07FL0278_002   Self,NULL,NULL,self,NULL,NULL,NULL,B73(3)/[32-24]-5-23_02,NULL,3,NULL,P30_Et4 [32-24] BC2 S1,NULL,NULL
07FL0278_003s,07FL0278_003,07FL0278,07FL,07FL0278_003   Self,NULL,NULL,self,NULL,NULL,NULL,B73(3)/[32-24]-5-23_03,NULL,3,NULL,P30_Et4 [32-24] BC2 S1,NULL,NULL
07FL0278_004s,07FL0278_004,07FL0278,07FL,07FL0278_004   Self,NULL,NULL,self,NULL,NULL,NULL,B73(3)/[32-24]-5-23_04,NULL,3,NULL,P30_Et4 [32-24] BC2 S1,NULL,NULL
07FL0278_005s,07FL0278_005,07FL0278,07FL,07FL0278_005   Self,NULL,NULL,self,NULL,NULL,NULL,B73(3)/[32-24]-5-23_05,NULL,3,NULL,P30_Et4 [32-24] BC2 S1,NULL,NULL
07FL0279_001s,07FL0279_001,07FL0279,07FL,07FL0279_001   Self,NULL,NULL,self,NULL,NULL,NULL,B73(3)/[32-24]-5-23_09,NULL,3,NULL,P30_Et4 [32-24] BC2 S1,NULL,NULL
07FL0279_002s,07FL0279_002,07FL0279,07FL,07FL0279_002   Self,NULL,NULL,self,NULL,NULL,NULL,B73(3)/[32-24]-5-23_10,NULL,3,NULL,P30_Et4 [32-24] BC2 S1,NULL,NULL
07FL0279_003s,07FL0279_003,07FL0279,07FL,07FL0279_003   Self,NULL,NULL,self,NULL,NULL,NULL,B73(3)/[32-24]-5-23_11,NULL,3,NULL,P30_Et4 [32-24] BC2 S1,NULL,NULL
07FL0279_004s,07FL0279_004,07FL0279,07FL,07FL0279_004   Self,NULL,NULL,self,NULL,NULL,NULL,B73(3)/[32-24]-5-23_12,NULL,3,NULL,P30_Et4 [32-24] BC2 S1,NULL,NULL
07FL0280_001s,07FL0280_001,07FL0280,07FL,07FL0280_001   Self,NULL,NULL,self,NULL,NULL,NULL,B73(3)/[32-24]-5-23_17,NULL,3,NULL,P30_Et4 [32-24] BC2 S1,NULL,NULL
07FL0280_002s,07FL0280_002,07FL0280,07FL,07FL0280_002   Self,NULL,NULL,self,NULL,NULL,NULL,B73(3)/[32-24]-5-23_18,NULL,3,NULL,P30_Et4 [32-24] BC2 S1,NULL,NULL
07FL0280_003s,07FL0280_003,07FL0280,07FL,07FL0280_003   Self,NULL,NULL,self,NULL,NULL,NULL,B73(3)/[32-24]-5-23_19,NULL,3,NULL,P30_Et4 [32-24] BC2 S1,NULL,NULL
07FL0280_004s,07FL0280_004,07FL0280,07FL,07FL0280_004   Self,NULL,NULL,self,NULL,NULL,NULL,B73(3)/[32-24]-5-23_20,NULL,3,NULL,P30_Et4 [32-24] BC2 S1,NULL,NULL
07FL0280_005s,07FL0280_005,07FL0280,07FL,07FL0280_005   Self,NULL,NULL,self,NULL,NULL,NULL,B73(3)/[32-24]-5-23_21,NULL,3,NULL,P30_Et4 [32-24] BC2 S1,NULL,NULL
07FL0281_001s,07FL0281_001,07FL0281,07FL,07FL0281_001   Self,NULL,NULL,self,NULL,NULL,NULL,B73(3)/[32-24]-5-54_01,NULL,3,NULL,P30_Et4 [32-24] BC2 S1,NULL,NULL
07FL0281_002s,07FL0281_002,07FL0281,07FL,07FL0281_002   Self,NULL,NULL,self,NULL,NULL,NULL,B73(3)/[32-24]-5-54_02,NULL,3,NULL,P30_Et4 [32-24] BC2 S1,NULL,NULL
07FL0281_003s,07FL0281_003,07FL0281,07FL,07FL0281_003   Self,NULL,NULL,self,NULL,NULL,NULL,B73(3)/[32-24]-5-54_03,NULL,3,NULL,P30_Et4 [32-24] BC2 S1,NULL,NULL
07FL0282_001s,07FL0282_001,07FL0282,07FL,07FL0282_001   Self,NULL,NULL,self,NULL,NULL,NULL,B73(3)/[32-24]-5-55_01,NULL,3,NULL,P30_Et4 [32-24] BC2 S1,NULL,NULL
07FL0282_002s,07FL0282_002,07FL0282,07FL,07FL0282_002   Self,NULL,NULL,self,NULL,NULL,NULL,B73(3)/[32-24]-5-55_02,NULL,3,NULL,P30_Et4 [32-24] BC2 S1,NULL,NULL
07FL0282_003s,07FL0282_003,07FL0282,07FL,07FL0282_003   Self,NULL,NULL,self,NULL,NULL,NULL,B73(3)/[32-24]-5-55_03,NULL,3,NULL,P30_Et4 [32-24] BC2 S1,NULL,NULL
07FL0282_004s,07FL0282_004,07FL0282,07FL,07FL0282_004   Self,NULL,NULL,self,NULL,NULL,NULL,B73(3)/[32-24]-5-55_04,NULL,3,NULL,P30_Et4 [32-24] BC2 S1,NULL,NULL
07FL0283_001s,07FL0283_001,07FL0283,07FL,07FL0283_001   Self,NULL,NULL,self,NULL,NULL,NULL,B73/[30-052]_01,NULL,3,NULL,P30_Et2 S1,NULL,NULL
07FL0283_002s,07FL0283_002,07FL0283,07FL,07FL0283_002   Self,NULL,NULL,self,NULL,NULL,NULL,B73/[30-052]_02,NULL,3,NULL,P30_Et2 S1,NULL,NULL
07FL0283_003s,07FL0283_003,07FL0283,07FL,07FL0283_003   Self,NULL,NULL,self,NULL,NULL,NULL,B73/[30-052]_03,NULL,3,NULL,P30_Et2 S1,NULL,NULL
07FL0283_004s,07FL0283_004,07FL0283,07FL,07FL0283_004   Self,NULL,NULL,self,NULL,NULL,NULL,B73/[30-052]_04,NULL,3,NULL,P30_Et2 S1,NULL,NULL
07FL0283_005s,07FL0283_005,07FL0283,07FL,07FL0283_005   Self,NULL,NULL,self,NULL,NULL,NULL,B73/[30-052]_05,NULL,3,NULL,P30_Et2 S1,NULL,NULL
07FL0283_006s,07FL0283_006,07FL0283,07FL,07FL0283_006   Self,NULL,NULL,self,NULL,NULL,NULL,B73/[30-052]_06,NULL,3,NULL,P30_Et2 S1,NULL,NULL
07FL0283_007s,07FL0283_007,07FL0283,07FL,07FL0283_007   Self,NULL,NULL,self,NULL,NULL,NULL,B73/[30-052]_07,NULL,3,NULL,P30_Et2 S1,NULL,NULL
07FL0283_008s,07FL0283_008,07FL0283,07FL,07FL0283_008   Self,NULL,NULL,self,NULL,NULL,NULL,B73/[30-052]_08,NULL,3,NULL,P30_Et2 S1,NULL,NULL
07FL0284_001s,07FL0284_001,07FL0284,07FL,07FL0284_001   Self,NULL,NULL,self,NULL,NULL,NULL,B73/[30-070]_01,NULL,3,NULL,P30_Et2 S1,NULL,NULL
07FL0284_002s,07FL0284_002,07FL0284,07FL,07FL0284_002   Self,NULL,NULL,self,NULL,NULL,NULL,B73/[30-070]_02,NULL,3,NULL,P30_Et2 S1,NULL,NULL
07FL0284_003s,07FL0284_003,07FL0284,07FL,07FL0284_003   Self,NULL,NULL,self,NULL,NULL,NULL,B73/[30-070]_03,NULL,3,NULL,P30_Et2 S1,NULL,NULL
07FL0284_004s,07FL0284_004,07FL0284,07FL,07FL0284_004   Self,NULL,NULL,self,NULL,NULL,NULL,B73/[30-070]_04,NULL,3,NULL,P30_Et2 S1,NULL,NULL
07FL0285_001s,07FL0285_001,07FL0285,07FL,07FL0285_001   Self,NULL,NULL,self,NULL,NULL,NULL,B73/[30-057]_01,NULL,3,NULL,P30_Et2 S1,NULL,NULL
07FL0285_002s,07FL0285_002,07FL0285,07FL,07FL0285_002   Self,NULL,NULL,self,NULL,NULL,NULL,B73/[30-057]_02,NULL,3,NULL,P30_Et2 S1,NULL,NULL
07FL0285_003s,07FL0285_003,07FL0285,07FL,07FL0285_003   Self,NULL,NULL,self,NULL,NULL,NULL,B73/[30-057]_03,NULL,3,NULL,P30_Et2 S1,NULL,NULL
07FL0285_004s,07FL0285_004,07FL0285,07FL,07FL0285_004   Self,NULL,NULL,self,NULL,NULL,NULL,B73/[30-057]_04,NULL,3,NULL,P30_Et2 S1,NULL,NULL
07FL0285_005s,07FL0285_005,07FL0285,07FL,07FL0285_005   Self,NULL,NULL,self,NULL,NULL,NULL,B73/[30-057]_05,NULL,3,NULL,P30_Et2 S1,NULL,NULL
07FL0285_006s,07FL0285_006,07FL0285,07FL,07FL0285_006   Self,NULL,NULL,self,NULL,NULL,NULL,B73/[30-057]_06,NULL,3,NULL,P30_Et2 S1,NULL,NULL
07FL0286_001s,07FL0286_001,07FL0286,07FL,07FL0286_001   Self,NULL,NULL,self,NULL,NULL,NULL,B73/[30-060]_01,NULL,3,NULL,P30_Et2 S1,NULL,NULL
07FL0286_002s,07FL0286_002,07FL0286,07FL,07FL0286_002   Self,NULL,NULL,self,NULL,NULL,NULL,B73/[30-060]_02,NULL,3,NULL,P30_Et2 S1,NULL,NULL
07FL0286_003s,07FL0286_003,07FL0286,07FL,07FL0286_003   Self,NULL,NULL,self,NULL,NULL,NULL,B73/[30-060]_03,NULL,3,NULL,P30_Et2 S1,NULL,NULL
07FL0286_004s,07FL0286_004,07FL0286,07FL,07FL0286_004   Self,NULL,NULL,self,NULL,NULL,NULL,B73/[30-060]_04,NULL,3,NULL,P30_Et2 S1,NULL,NULL
07FL0286_005s,07FL0286_005,07FL0286,07FL,07FL0286_005   Self,NULL,NULL,self,NULL,NULL,NULL,B73/[30-060]_05,NULL,3,NULL,P30_Et2 S1,NULL,NULL
07FL0286_006s,07FL0286_006,07FL0286,07FL,07FL0286_006   Self,NULL,NULL,self,NULL,NULL,NULL,B73/[30-060]_06,NULL,3,NULL,P30_Et2 S1,NULL,NULL
07FL0286_007s,07FL0286_007,07FL0286,07FL,07FL0286_007   Self,NULL,NULL,self,NULL,NULL,NULL,B73/[30-060]_07,NULL,3,NULL,P30_Et2 S1,NULL,NULL
07FL0287_001s,07FL0287_001,07FL0287,07FL,07FL0287_001   Self,NULL,NULL,self,NULL,NULL,NULL,B73/[30-067]_01,NULL,3,NULL,P30_Et2 S1,NULL,NULL
07FL0287_002s,07FL0287_002,07FL0287,07FL,07FL0287_002   Self,NULL,NULL,self,NULL,NULL,NULL,B73/[30-067]_02,NULL,3,NULL,P30_Et2 S1,NULL,NULL
07FL0287_003s,07FL0287_003,07FL0287,07FL,07FL0287_003   Self,NULL,NULL,self,NULL,NULL,NULL,B73/[30-067]_03,NULL,3,NULL,P30_Et2 S1,NULL,NULL
07FL0287_004s,07FL0287_004,07FL0287,07FL,07FL0287_004   Self,NULL,NULL,self,NULL,NULL,NULL,B73/[30-067]_04,NULL,3,NULL,P30_Et2 S1,NULL,NULL
07FL0287_005s,07FL0287_005,07FL0287,07FL,07FL0287_005   Self,NULL,NULL,self,NULL,NULL,NULL,B73/[30-067]_05,NULL,3,NULL,P30_Et2 S1,NULL,NULL
07FL0287_006s,07FL0287_006,07FL0287,07FL,07FL0287_006   Self,NULL,NULL,self,NULL,NULL,NULL,B73/[30-067]_06,NULL,3,NULL,P30_Et2 S1,NULL,NULL
07FL0288_001s,07FL0288_001,07FL0288,07FL,07FL0288_001   Self,NULL,NULL,self,NULL,NULL,NULL,B73/[30-064]_01,NULL,3,NULL,P30_Et2 S1,NULL,NULL
07FL0288_002s,07FL0288_002,07FL0288,07FL,07FL0288_002   Self,NULL,NULL,self,NULL,NULL,NULL,B73/[30-064]_02,NULL,3,NULL,P30_Et2 S1,NULL,NULL
07FL0288_003s,07FL0288_003,07FL0288,07FL,07FL0288_003   Self,NULL,NULL,self,NULL,NULL,NULL,B73/[30-064]_03,NULL,3,NULL,P30_Et2 S1,NULL,NULL
07FL0288_004s,07FL0288_004,07FL0288,07FL,07FL0288_004   Self,NULL,NULL,self,NULL,NULL,NULL,B73/[30-064]_04,NULL,3,NULL,P30_Et2 S1,NULL,NULL
07FL0288_005s,07FL0288_005,07FL0288,07FL,07FL0288_005   Self,NULL,NULL,self,NULL,NULL,NULL,B73/[30-064]_05,NULL,3,NULL,P30_Et2 S1,NULL,NULL
07FL0288_006s,07FL0288_006,07FL0288,07FL,07FL0288_006   Self,NULL,NULL,self,NULL,NULL,NULL,B73/[30-064]_06,NULL,3,NULL,P30_Et2 S1,NULL,NULL
07FL0289_001s,07FL0289_001,07FL0289,07FL,07FL0289_001   Self,NULL,NULL,self,NULL,NULL,NULL,B73/[30-082]_01,NULL,3,NULL,P30_Et2 S1,NULL,NULL
07FL0289_002s,07FL0289_002,07FL0289,07FL,07FL0289_002   Self,NULL,NULL,self,NULL,NULL,NULL,B73/[30-082]_02,NULL,3,NULL,P30_Et2 S1,NULL,NULL
07FL0290_001s,07FL0290_001,07FL0290,07FL,07FL0290_001   Self,NULL,NULL,self,NULL,NULL,NULL,B73/[30-085]_01,NULL,3,NULL,P30_Et2 S1,NULL,NULL
07FL0290_002s,07FL0290_002,07FL0290,07FL,07FL0290_002   Self,NULL,NULL,self,NULL,NULL,NULL,B73/[30-085]_02,NULL,3,NULL,P30_Et2 S1,NULL,NULL
07FL0290_003s,07FL0290_003,07FL0290,07FL,07FL0290_003   Self,NULL,NULL,self,NULL,NULL,NULL,B73/[30-085]_03,NULL,3,NULL,P30_Et2 S1,NULL,NULL
07FL0291_001s,07FL0291_001,07FL0291,07FL,07FL0291_001   Self,NULL,NULL,self,NULL,NULL,NULL,B73/[30-090]_01,NULL,3,NULL,P30_Et2 S1,NULL,NULL
07FL0291_002s,07FL0291_002,07FL0291,07FL,07FL0291_002   Self,NULL,NULL,self,NULL,NULL,NULL,B73/[30-090]_02,NULL,3,NULL,P30_Et2 S1,NULL,NULL
07FL0291_003s,07FL0291_003,07FL0291,07FL,07FL0291_003   Self,NULL,NULL,self,NULL,NULL,NULL,B73/[30-090]_03,NULL,3,NULL,P30_Et2 S1,NULL,NULL
07FL0291_004s,07FL0291_004,07FL0291,07FL,07FL0291_004   Self,NULL,NULL,self,NULL,NULL,NULL,B73/[30-090]_04,NULL,3,NULL,P30_Et2 S1,NULL,NULL
07FL0291_005s,07FL0291_005,07FL0291,07FL,07FL0291_005   Self,NULL,NULL,self,NULL,NULL,NULL,B73/[30-090]_05,NULL,3,NULL,P30_Et2 S1,NULL,NULL
07FL0291_006s,07FL0291_006,07FL0291,07FL,07FL0291_006   Self,NULL,NULL,self,NULL,NULL,NULL,B73/[30-090]_06,NULL,3,NULL,P30_Et2 S1,NULL,NULL
07FL0292_001s,07FL0292_001,07FL0292,07FL,07FL0292_001   Self,NULL,NULL,self,NULL,NULL,NULL,B73/[30-107]_01,NULL,3,NULL,P30_Et2 S1,NULL,NULL
07FL0292_002s,07FL0292_002,07FL0292,07FL,07FL0292_002   Self,NULL,NULL,self,NULL,NULL,NULL,B73/[30-107]_02,NULL,3,NULL,P30_Et2 S1,NULL,NULL
07FL0292_003s,07FL0292_003,07FL0292,07FL,07FL0292_003   Self,NULL,NULL,self,NULL,NULL,NULL,B73/[30-107]_03,NULL,3,NULL,P30_Et2 S1,NULL,NULL
07FL0292_004s,07FL0292_004,07FL0292,07FL,07FL0292_004   Self,NULL,NULL,self,NULL,NULL,NULL,B73/[30-107]_04,NULL,3,NULL,P30_Et2 S1,NULL,NULL
07FL0292_005s,07FL0292_005,07FL0292,07FL,07FL0292_005   Self,NULL,NULL,self,NULL,NULL,NULL,B73/[30-107]_05,NULL,3,NULL,P30_Et2 S1,NULL,NULL
07FL0292_006s,07FL0292_006,07FL0292,07FL,07FL0292_006   Self,NULL,NULL,self,NULL,NULL,NULL,B73/[30-107]_06,NULL,3,NULL,P30_Et2 S1,NULL,NULL
07FL0292_007s,07FL0292_007,07FL0292,07FL,07FL0292_007   Self,NULL,NULL,self,NULL,NULL,NULL,B73/[30-107]_07,NULL,3,NULL,P30_Et2 S1,NULL,NULL
07FL0292_008s,07FL0292_008,07FL0292,07FL,07FL0292_008   Self,NULL,NULL,self,NULL,NULL,NULL,B73/[30-107]_08,NULL,3,NULL,P30_Et2 S1,NULL,NULL
07FL0294_001x,07FL0294_001,07FL0294,07FL,07FL0294_001 x B73,NULL,NULL,cross,NULL,B73,NULL,B73(2)/[30-052]-01,NULL,3,NULL,P30_Et2 BC1,NULL,NULL
07FL0294_002x,07FL0294_002,07FL0294,07FL,07FL0294_002 x B73,NULL,NULL,cross,NULL,B73,NULL,B73(2)/[30-052]-02,NULL,3,NULL,P30_Et2 BC1,NULL,NULL
07FL0294_003x,07FL0294_003,07FL0294,07FL,07FL0294_003 x B73,NULL,NULL,cross,NULL,B73,NULL,B73(2)/[30-052]-03,NULL,3,NULL,P30_Et2 BC1,NULL,NULL
07FL0294_004x,07FL0294_004,07FL0294,07FL,07FL0294_004 x B73,NULL,NULL,cross,NULL,B73,NULL,B73(2)/[30-052]-04,NULL,3,NULL,P30_Et2 BC1,NULL,NULL
07FL0294_005x,07FL0294_005,07FL0294,07FL,07FL0294_005 x B73,NULL,NULL,cross,NULL,B73,NULL,B73(2)/[30-052]-05,NULL,3,NULL,P30_Et2 BC1,NULL,NULL
07FL0294_006x,07FL0294_006,07FL0294,07FL,07FL0294_006 x B73,NULL,NULL,cross,NULL,B73,NULL,B73(2)/[30-052]-06,NULL,3,NULL,P30_Et2 BC1,NULL,NULL
07FL0294_007x,07FL0294_007,07FL0294,07FL,07FL0294_007 x B73,NULL,NULL,cross,NULL,B73,NULL,B73(2)/[30-052]-07,NULL,3,NULL,P30_Et2 BC1,NULL,NULL
07FL0295_001x,07FL0295_001,07FL0295,07FL,07FL0295_001 x B73,NULL,NULL,cross,NULL,B73,NULL,B73(3)/[32-24]-10-01,NULL,3,NULL,P30_Et2 [32-24] BC2,NULL,NULL
07FL0295_002x,07FL0295_002,07FL0295,07FL,07FL0295_002 x B73,NULL,NULL,cross,NULL,B73,NULL,B73(3)/[32-24]-10-02,NULL,3,NULL,P30_Et2 [32-24] BC2,NULL,NULL
07FL0295_003x,07FL0295_003,07FL0295,07FL,07FL0295_003 x B73,NULL,NULL,cross,NULL,B73,NULL,B73(3)/[32-24]-10-03,NULL,3,NULL,P30_Et2 [32-24] BC2,NULL,NULL
07FL0295_004x,07FL0295_004,07FL0295,07FL,07FL0295_004 x B73,NULL,NULL,cross,NULL,B73,NULL,B73(3)/[32-24]-10-04,NULL,3,NULL,P30_Et2 [32-24] BC2,NULL,NULL
07FL0295_005x,07FL0295_005,07FL0295,07FL,07FL0295_005 x B73,NULL,NULL,cross,NULL,B73,NULL,B73(3)/[32-24]-10-05,NULL,3,NULL,P30_Et2 [32-24] BC2,NULL,NULL
07FL0295_006x,07FL0295_006,07FL0295,07FL,07FL0295_006 x B73,NULL,NULL,cross,NULL,B73,NULL,B73(3)/[32-24]-10-06,NULL,3,NULL,P30_Et2 [32-24] BC2,NULL,NULL
07FL0296_001x,07FL0296_001,07FL0296,07FL,07FL0296_001 x B73,NULL,NULL,cross,NULL,B73,NULL,B73(2)/[30-057]-01,NULL,3,NULL,P30_Et2 BC1,NULL,NULL
07FL0296_002x,07FL0296_002,07FL0296,07FL,07FL0296_002 x B73,NULL,NULL,cross,NULL,B73,NULL,B73(2)/[30-057]-02,NULL,3,NULL,P30_Et2 BC1,NULL,NULL
07FL0296_003x,07FL0296_003,07FL0296,07FL,07FL0296_003 x B73,NULL,NULL,cross,NULL,B73,NULL,B73(2)/[30-057]-03,NULL,3,NULL,P30_Et2 BC1,NULL,NULL
07FL0296_004x,07FL0296_004,07FL0296,07FL,07FL0296_004 x B73,NULL,NULL,cross,NULL,B73,NULL,B73(2)/[30-057]-04,NULL,3,NULL,P30_Et2 BC1,NULL,NULL
07FL0296_005x,07FL0296_005,07FL0296,07FL,07FL0296_005 x B73,NULL,NULL,cross,NULL,B73,NULL,B73(2)/[30-057]-05,NULL,3,NULL,P30_Et2 BC1,NULL,NULL
07FL0296_006x,07FL0296_006,07FL0296,07FL,07FL0296_006 x B73,NULL,NULL,cross,NULL,B73,NULL,B73(2)/[30-057]-06,NULL,3,NULL,P30_Et2 BC1,NULL,NULL
07FL0297_001x,07FL0297_001,07FL0297,07FL,07FL0297_001 x B73,NULL,NULL,cross,NULL,B73,NULL,B73(2)/[30-060]-01,NULL,3,NULL,P30_Et2 BC1,NULL,NULL
07FL0297_002x,07FL0297_002,07FL0297,07FL,07FL0297_002 x B73,NULL,NULL,cross,NULL,B73,NULL,B73(2)/[30-060]-02,NULL,3,NULL,P30_Et2 BC1,NULL,NULL
07FL0297_003x,07FL0297_003,07FL0297,07FL,07FL0297_003 x B73,NULL,NULL,cross,NULL,B73,NULL,B73(2)/[30-060]-03,NULL,3,NULL,P30_Et2 BC1,NULL,NULL
07FL0297_004x,07FL0297_004,07FL0297,07FL,07FL0297_004 x B73,NULL,NULL,cross,NULL,B73,NULL,B73(2)/[30-060]-04,NULL,3,NULL,P30_Et2 BC1,NULL,NULL
07FL0297_005x,07FL0297_005,07FL0297,07FL,07FL0297_005 x B73,NULL,NULL,cross,NULL,B73,NULL,B73(2)/[30-060]-05,NULL,3,NULL,P30_Et2 BC1,NULL,NULL
07FL0297_006x,07FL0297_006,07FL0297,07FL,07FL0297_006 x B73,NULL,NULL,cross,NULL,B73,NULL,B73(2)/[30-060]-06,NULL,3,NULL,P30_Et2 BC1,NULL,NULL
07FL0298_001x,07FL0298_001,07FL0298,07FL,07FL0298_001 x B73,NULL,NULL,cross,NULL,B73,NULL,B73(2)/[30-067]-01,NULL,3,NULL,P30_Et2 BC1,NULL,NULL
07FL0298_002x,07FL0298_002,07FL0298,07FL,07FL0298_002 x B73,NULL,NULL,cross,NULL,B73,NULL,B73(2)/[30-067]-02,NULL,3,NULL,P30_Et2 BC1,NULL,NULL
07FL0298_003x,07FL0298_003,07FL0298,07FL,07FL0298_003 x B73,NULL,NULL,cross,NULL,B73,NULL,B73(2)/[30-067]-03,NULL,3,NULL,P30_Et2 BC1,NULL,NULL
07FL0298_004x,07FL0298_004,07FL0298,07FL,07FL0298_004 x B73,NULL,NULL,cross,NULL,B73,NULL,B73(2)/[30-067]-04,NULL,3,NULL,P30_Et2 BC1,NULL,NULL
07FL0298_005x,07FL0298_005,07FL0298,07FL,07FL0298_005 x B73,NULL,NULL,cross,NULL,B73,NULL,B73(2)/[30-067]-05,NULL,3,NULL,P30_Et2 BC1,NULL,NULL
07FL0298_006x,07FL0298_006,07FL0298,07FL,07FL0298_006 x B73,NULL,NULL,cross,NULL,B73,NULL,B73(2)/[30-067]-06,NULL,3,NULL,P30_Et2 BC1,NULL,NULL
07FL0298_007x,07FL0298_007,07FL0298,07FL,07FL0298_007 x B73,NULL,NULL,cross,NULL,B73,NULL,B73(2)/[30-067]-07,NULL,3,NULL,P30_Et2 BC1,NULL,NULL
07FL0299_001x,07FL0299_001,07FL0299,07FL,07FL0299_001 x B73,NULL,NULL,cross,NULL,B73,NULL,B73(2)/[30-064]-01,NULL,3,NULL,P30_Et2 BC1,NULL,NULL
07FL0299_002x,07FL0299_002,07FL0299,07FL,07FL0299_002 x B73,NULL,NULL,cross,NULL,B73,NULL,B73(2)/[30-064]-02,NULL,3,NULL,P30_Et2 BC1,NULL,NULL
07FL0299_003x,07FL0299_003,07FL0299,07FL,07FL0299_003 x B73,NULL,NULL,cross,NULL,B73,NULL,B73(2)/[30-064]-03,NULL,3,NULL,P30_Et2 BC1,NULL,NULL
07FL0299_004x,07FL0299_004,07FL0299,07FL,07FL0299_004 x B73,NULL,NULL,cross,NULL,B73,NULL,B73(2)/[30-064]-04,NULL,3,NULL,P30_Et2 BC1,NULL,NULL
07FL0300_001x,07FL0300_001,07FL0300,07FL,07FL0300_001 x B73,NULL,NULL,cross,NULL,B73,NULL,B73(2)/[30-082]-01,NULL,3,NULL,P30_Et2 BC1,NULL,NULL
07FL0300_002x,07FL0300_002,07FL0300,07FL,07FL0300_002 x B73,NULL,NULL,cross,NULL,B73,NULL,B73(2)/[30-082]-02,NULL,3,NULL,P30_Et2 BC1,NULL,NULL
07FL0300_003x,07FL0300_003,07FL0300,07FL,07FL0300_003 x B73,NULL,NULL,cross,NULL,B73,NULL,B73(2)/[30-082]-03,NULL,3,NULL,P30_Et2 BC1,NULL,NULL
07FL0300_004x,07FL0300_004,07FL0300,07FL,07FL0300_004 x B73,NULL,NULL,cross,NULL,B73,NULL,B73(2)/[30-082]-04,NULL,3,NULL,P30_Et2 BC1,NULL,NULL
07FL0301_001x,07FL0301_001,07FL0301,07FL,07FL0301_001 x B73,NULL,NULL,cross,NULL,B73,NULL,B73(2)/[30-085]-01,NULL,3,NULL,P30_Et2 BC1,NULL,NULL
07FL0301_002x,07FL0301_002,07FL0301,07FL,07FL0301_002 x B73,NULL,NULL,cross,NULL,B73,NULL,B73(2)/[30-085]-02,NULL,3,NULL,P30_Et2 BC1,NULL,NULL
07FL0301_003x,07FL0301_003,07FL0301,07FL,07FL0301_003 x B73,NULL,NULL,cross,NULL,B73,NULL,B73(2)/[30-085]-03,NULL,3,NULL,P30_Et2 BC1,NULL,NULL
07FL0301_004x,07FL0301_004,07FL0301,07FL,07FL0301_004 x B73,NULL,NULL,cross,NULL,B73,NULL,B73(2)/[30-085]-04,NULL,3,NULL,P30_Et2 BC1,NULL,NULL
07FL0301_005x,07FL0301_005,07FL0301,07FL,07FL0301_005 x B73,NULL,NULL,cross,NULL,B73,NULL,B73(2)/[30-085]-05,NULL,3,NULL,P30_Et2 BC1,NULL,NULL
07FL0301_006x,07FL0301_006,07FL0301,07FL,07FL0301_006 x B73,NULL,NULL,cross,NULL,B73,NULL,B73(2)/[30-085]-06,NULL,3,NULL,P30_Et2 BC1,NULL,NULL
07FL0301_007x,07FL0301_007,07FL0301,07FL,07FL0301_007 x B73,NULL,NULL,cross,NULL,B73,NULL,B73(2)/[30-085]-07,NULL,3,NULL,P30_Et2 BC1,NULL,NULL
07FL0302_001x,07FL0302_001,07FL0302,07FL,07FL0302_001 x B73,NULL,NULL,cross,NULL,B73,NULL,B73(2)/[30-090]-01,NULL,3,NULL,P30_Et2 BC1,NULL,NULL
07FL0302_002x,07FL0302_002,07FL0302,07FL,07FL0302_002 x B73,NULL,NULL,cross,NULL,B73,NULL,B73(2)/[30-090]-02,NULL,3,NULL,P30_Et2 BC1,NULL,NULL
07FL0302_003x,07FL0302_003,07FL0302,07FL,07FL0302_003 x B73,NULL,NULL,cross,NULL,B73,NULL,B73(2)/[30-090]-03,NULL,3,NULL,P30_Et2 BC1,NULL,NULL
07FL0302_004x,07FL0302_004,07FL0302,07FL,07FL0302_004 x B73,NULL,NULL,cross,NULL,B73,NULL,B73(2)/[30-090]-04,NULL,3,NULL,P30_Et2 BC1,NULL,NULL
07FL0302_005x,07FL0302_005,07FL0302,07FL,07FL0302_005 x B73,NULL,NULL,cross,NULL,B73,NULL,B73(2)/[30-090]-05,NULL,3,NULL,P30_Et2 BC1,NULL,NULL
07FL0302_006x,07FL0302_006,07FL0302,07FL,07FL0302_006 x B73,NULL,NULL,cross,NULL,B73,NULL,B73(2)/[30-090]-06,NULL,3,NULL,P30_Et2 BC1,NULL,NULL
07FL0302_007x,07FL0302_007,07FL0302,07FL,07FL0302_007 x B73,NULL,NULL,cross,NULL,B73,NULL,B73(2)/[30-090]-07,NULL,3,NULL,P30_Et2 BC1,NULL,NULL
07FL0303_001x,07FL0303_001,07FL0303,07FL,07FL0303_001 x B73,NULL,NULL,cross,NULL,B73,NULL,B73(2)/[30-107]-01,NULL,3,NULL,P30_Et2 BC1,NULL,NULL
07FL0303_002x,07FL0303_002,07FL0303,07FL,07FL0303_002 x B73,NULL,NULL,cross,NULL,B73,NULL,B73(2)/[30-107]-02,NULL,3,NULL,P30_Et2 BC1,NULL,NULL
07FL0303_003x,07FL0303_003,07FL0303,07FL,07FL0303_003 x B73,NULL,NULL,cross,NULL,B73,NULL,B73(2)/[30-107]-03,NULL,3,NULL,P30_Et2 BC1,NULL,NULL
07FL0303_004x,07FL0303_004,07FL0303,07FL,07FL0303_004 x B73,NULL,NULL,cross,NULL,B73,NULL,B73(2)/[30-107]-04,NULL,3,NULL,P30_Et2 BC1,NULL,NULL
07FL0303_005x,07FL0303_005,07FL0303,07FL,07FL0303_005 x B73,NULL,NULL,cross,NULL,B73,NULL,B73(2)/[30-107]-05,NULL,3,NULL,P30_Et2 BC1,NULL,NULL
07FL0303_006x,07FL0303_006,07FL0303,07FL,07FL0303_006 x B73,NULL,NULL,cross,NULL,B73,NULL,B73(2)/[30-107]-06,NULL,3,NULL,P30_Et2 BC1,NULL,NULL
07FL0303_007x,07FL0303_007,07FL0303,07FL,07FL0303_007 x B73,NULL,NULL,cross,NULL,B73,NULL,B73(2)/[30-107]-07,NULL,3,NULL,P30_Et2 BC1,NULL,NULL
07FL0305_001s,07FL0305_001,07FL0305,07FL,07FL0305_001   Self,NULL,NULL,self,NULL,NULL,NULL,B73/[21-14]-5_201_01,NULL,3,NULL,P29_Et3 [21-14] S2,NULL,NULL
07FL0305_002s,07FL0305_002,07FL0305,07FL,07FL0305_002   Self,NULL,NULL,self,NULL,NULL,NULL,B73/[21-14]-5_201_02,NULL,3,NULL,P29_Et3 [21-14] S2,NULL,NULL
07FL0305_003s,07FL0305_003,07FL0305,07FL,07FL0305_003   Self,NULL,NULL,self,NULL,NULL,NULL,B73/[21-14]-5_201_03,NULL,3,NULL,P29_Et3 [21-14] S2,NULL,NULL
07FL0306_001s,07FL0306_001,07FL0306,07FL,07FL0306_001   Self,NULL,NULL,self,NULL,NULL,NULL,B73/[21-14]-5_202_01,NULL,3,NULL,P29_Et3 [21-14] S2,NULL,NULL
07FL0306_002s,07FL0306_002,07FL0306,07FL,07FL0306_002   Self,NULL,NULL,self,NULL,NULL,NULL,B73/[21-14]-5_202_02,NULL,3,NULL,P29_Et3 [21-14] S2,NULL,NULL
07FL0306_003s,07FL0306_003,07FL0306,07FL,07FL0306_003   Self,NULL,NULL,self,NULL,NULL,NULL,B73/[21-14]-5_202_03,NULL,3,NULL,P29_Et3 [21-14] S2,NULL,NULL
07FL0306_004s,07FL0306_004,07FL0306,07FL,07FL0306_004   Self,NULL,NULL,self,NULL,NULL,NULL,B73/[21-14]-5_202_04,NULL,3,NULL,P29_Et3 [21-14] S2,NULL,NULL
07FL0306_005s,07FL0306_005,07FL0306,07FL,07FL0306_005   Self,NULL,NULL,self,NULL,NULL,NULL,B73/[21-14]-5_202_05,NULL,3,NULL,P29_Et3 [21-14] S2,NULL,NULL
07FL0306_006s,07FL0306_006,07FL0306,07FL,07FL0306_006   Self,NULL,NULL,self,NULL,NULL,NULL,B73/[21-14]-5_202_06,NULL,3,NULL,P29_Et3 [21-14] S2,NULL,NULL
07FL0306_007s,07FL0306_007,07FL0306,07FL,07FL0306_007   Self,NULL,NULL,self,NULL,NULL,NULL,B73/[21-14]-5_202_07,NULL,3,NULL,P29_Et3 [21-14] S2,NULL,NULL
07FL0306_008s,07FL0306_008,07FL0306,07FL,07FL0306_008   Self,NULL,NULL,self,NULL,NULL,NULL,B73/[21-14]-5_202_08,NULL,3,NULL,P29_Et3 [21-14] S2,NULL,NULL
07FL0307_001s,07FL0307_001,07FL0307,07FL,07FL0307_001   Self,NULL,NULL,self,NULL,NULL,NULL,B73/[21-14]-5_203_01,NULL,3,NULL,P29_Et3 [21-14] S2,NULL,NULL
07FL0307_002s,07FL0307_002,07FL0307,07FL,07FL0307_002   Self,NULL,NULL,self,NULL,NULL,NULL,B73/[21-14]-5_203_02,NULL,3,NULL,P29_Et3 [21-14] S2,NULL,NULL
07FL0307_003s,07FL0307_003,07FL0307,07FL,07FL0307_003   Self,NULL,NULL,self,NULL,NULL,NULL,B73/[21-14]-5_203_03,NULL,3,NULL,P29_Et3 [21-14] S2,NULL,NULL
07FL0307_004s,07FL0307_004,07FL0307,07FL,07FL0307_004   Self,NULL,NULL,self,NULL,NULL,NULL,B73/[21-14]-5_203_04,NULL,3,NULL,P29_Et3 [21-14] S2,NULL,NULL
07FL0307_005s,07FL0307_005,07FL0307,07FL,07FL0307_005   Self,NULL,NULL,self,NULL,NULL,NULL,B73/[21-14]-5_203_05,NULL,3,NULL,P29_Et3 [21-14] S2,NULL,NULL
07FL0307_006s,07FL0307_006,07FL0307,07FL,07FL0307_006   Self,NULL,NULL,self,NULL,NULL,NULL,B73/[21-14]-5_203_06,NULL,3,NULL,P29_Et3 [21-14] S2,NULL,NULL
07FL0308_001s,07FL0308_001,07FL0308,07FL,07FL0308_001   Self,NULL,NULL,self,NULL,NULL,NULL,B73/[21-14]-5_204_01,NULL,3,NULL,P29_Et3 [21-14] S2,NULL,NULL
07FL0308_002s,07FL0308_002,07FL0308,07FL,07FL0308_002   Self,NULL,NULL,self,NULL,NULL,NULL,B73/[21-14]-5_204_02,NULL,3,NULL,P29_Et3 [21-14] S2,NULL,NULL
07FL0308_003s,07FL0308_003,07FL0308,07FL,07FL0308_003   Self,NULL,NULL,self,NULL,NULL,NULL,B73/[21-14]-5_204_03,NULL,3,NULL,P29_Et3 [21-14] S2,NULL,NULL
07FL0309_000b,NULL,NOID,07FL,Z006E0001,07FL309,07FL309,sib/self,NULL,NULL,NULL,(B73×CML322)S5 RIL#1,NULL,0,NULL,06A0126,NULL,NULL
07FL0310_000b,NULL,NOID,07FL,Z006E0002,07FL310,07FL310,sib/self,NULL,NULL,NULL,(B73×CML322)S5 RIL#2,NULL,0,NULL,06A0068,NULL,NULL
07FL0312_000b,NULL,NOID,07FL,Z006E0005,07FL312,07FL312,sib/self,NULL,NULL,NULL,(B73×CML322)S5 RIL#5,NULL,0,NULL,06A0185,NULL,NULL
07FL0314_000b,NULL,NOID,07FL,Z006E0007,07FL314,07FL314,sib/self,NULL,NULL,NULL,(B73×CML322)S5 RIL#7,NULL,0,NULL,06A0005,NULL,NULL
07FL0316_000b,NULL,NOID,07FL,Z006E0009,07FL316,07FL316,sib/self,NULL,NULL,NULL,(B73×CML322)S5 RIL#9,NULL,0,NULL,06A0194,NULL,NULL
07FL0317_000b,NULL,NOID,07FL,Z006E0011,07FL317,07FL317,sib/self,NULL,NULL,NULL,(B73×CML322)S5 RIL#11,NULL,0,NULL,06A0096,NULL,NULL
07FL0318_000b,NULL,NOID,07FL,Z006E0015,07FL318,07FL318,sib/self,NULL,NULL,NULL,(B73×CML322)S5 RIL#15,NULL,0,NULL,06A0006,NULL,NULL
07FL0320_000b,NULL,NOID,07FL,Z006E0019,07FL320,07FL320,sib/self,NULL,NULL,NULL,(B73×CML322)S5 RIL#19,NULL,0,NULL,06A0044,NULL,NULL
07FL0321_000b,NULL,NOID,07FL,Z006E0020,07FL321,07FL321,sib/self,NULL,NULL,NULL,(B73×CML322)S5 RIL#20,NULL,0,NULL,06A0171,NULL,NULL
07FL0324_000b,NULL,NOID,07FL,Z006E0025,07FL324,07FL324,sib/self,NULL,NULL,NULL,(B73×CML322)S5 RIL#25,NULL,0,NULL,06A0139,NULL,NULL
07FL0325_000b,NULL,NOID,07FL,Z006E0026,07FL325,07FL325,sib/self,NULL,NULL,NULL,(B73×CML322)S5 RIL#26,NULL,0,NULL,06A0130,NULL,NULL
07FL0326_000b,NULL,NOID,07FL,Z006E0027,07FL326,07FL326,sib/self,NULL,NULL,NULL,(B73×CML322)S5 RIL#27,NULL,0,NULL,06A0172,NULL,NULL
07FL0327_000b,NULL,NOID,07FL,Z006E0028,07FL327,07FL327,sib/self,NULL,NULL,NULL,(B73×CML322)S5 RIL#28,NULL,0,NULL,06A0207,NULL,NULL
07FL0328_000b,NULL,NOID,07FL,Z006E0029,07FL328,07FL328,sib/self,NULL,NULL,NULL,(B73×CML322)S5 RIL#29,NULL,0,NULL,06A0040,NULL,NULL
07FL0329_000b,NULL,NOID,07FL,Z006E0031,07FL329,07FL329,sib/self,NULL,NULL,NULL,(B73×CML322)S5 RIL#31,NULL,0,NULL,06A0177,NULL,NULL
07FL0331_000b,NULL,NOID,07FL,Z006E0036,07FL331,07FL331,sib/self,NULL,NULL,NULL,(B73×CML322)S5 RIL#36,NULL,0,NULL,06A0169,NULL,NULL
07FL0332_000b,NULL,NOID,07FL,Z006E0039,07FL332,07FL332,sib/self,NULL,NULL,NULL,(B73×CML322)S5 RIL#39,NULL,0,NULL,06A0212,NULL,NULL
07FL0333_000b,NULL,NOID,07FL,Z006E0040,07FL333,07FL333,sib/self,NULL,NULL,NULL,(B73×CML322)S5 RIL#40,NULL,0,NULL,06A0153,NULL,NULL
07FL0334_000b,NULL,NOID,07FL,Z006E0042,07FL334,07FL334,sib/self,NULL,NULL,NULL,(B73×CML322)S5 RIL#42,NULL,0,NULL,06A0120,NULL,NULL
07FL0335_000b,NULL,NOID,07FL,Z006E0043,07FL335,07FL335,sib/self,NULL,NULL,NULL,(B73×CML322)S5 RIL#43,NULL,0,NULL,06A0021,NULL,NULL
07FL0336_000b,NULL,NOID,07FL,Z006E0046,07FL336,07FL336,sib/self,NULL,NULL,NULL,(B73×CML322)S5 RIL#46,NULL,0,NULL,06A0196,NULL,NULL
07FL0337_000b,NULL,NOID,07FL,Z006E0048,07FL337,07FL337,sib/self,NULL,NULL,NULL,(B73×CML322)S5 RIL#48,NULL,0,NULL,06A0195,NULL,NULL
07FL0338_000b,NULL,NOID,07FL,Z006E0049,07FL338,07FL338,sib/self,NULL,NULL,NULL,(B73×CML322)S5 RIL#49,NULL,0,NULL,06A0064,NULL,NULL
07FL0339_000b,NULL,NOID,07FL,Z006E0050,07FL339,07FL339,sib/self,NULL,NULL,NULL,(B73×CML322)S5 RIL#50,NULL,0,NULL,06A0067,NULL,NULL
07FL0340_000b,NULL,NOID,07FL,Z006E0051,07FL340,07FL340,sib/self,NULL,NULL,NULL,(B73×CML322)S5 RIL#51,NULL,0,NULL,06A0203,NULL,NULL
07FL0341_000b,NULL,NOID,07FL,Z006E0054,07FL341,07FL341,sib/self,NULL,NULL,NULL,(B73×CML322)S5 RIL#54,NULL,0,NULL,06A0053,NULL,NULL
07FL0342_000b,NULL,NOID,07FL,Z006E0055,07FL342,07FL342,sib/self,NULL,NULL,NULL,(B73×CML322)S5 RIL#55,NULL,0,NULL,06A0049,NULL,NULL
07FL0343_000b,NULL,NOID,07FL,Z006E0056,07FL343,07FL343,sib/self,NULL,NULL,NULL,(B73×CML322)S5 RIL#56,NULL,0,NULL,06A0110,NULL,NULL
07FL0344_000b,NULL,NOID,07FL,Z006E0057,07FL344,07FL344,sib/self,NULL,NULL,NULL,(B73×CML322)S5 RIL#57,NULL,0,NULL,06A0061,NULL,NULL
07FL0345_000b,NULL,NOID,07FL,Z006E0058,07FL345,07FL345,sib/self,NULL,NULL,NULL,(B73×CML322)S5 RIL#58,NULL,0,NULL,06A0094,NULL,NULL
07FL0346_000b,NULL,NOID,07FL,Z006E0059,07FL346,07FL346,sib/self,NULL,NULL,NULL,(B73×CML322)S5 RIL#59,NULL,0,NULL,06A0214,NULL,NULL
07FL0347_000b,NULL,NOID,07FL,Z006E0060,07FL347,07FL347,sib/self,NULL,NULL,NULL,(B73×CML322)S5 RIL#60,NULL,0,NULL,06A0092,NULL,NULL
07FL0348_000b,NULL,NOID,07FL,Z006E0061,07FL348,07FL348,sib/self,NULL,NULL,NULL,(B73×CML322)S5 RIL#61,NULL,0,NULL,06A0181,NULL,NULL
07FL0349_000b,NULL,NOID,07FL,Z006E0062,07FL349,07FL349,sib/self,NULL,NULL,NULL,(B73×CML322)S5 RIL#62,NULL,0,NULL,06A0117,NULL,NULL
07FL0351_000b,NULL,NOID,07FL,Z006E0064,07FL351,07FL351,sib/self,NULL,NULL,NULL,(B73×CML322)S5 RIL#64,NULL,0,NULL,06A0178,NULL,NULL
07FL0352_000b,NULL,NOID,07FL,Z006E0066,07FL352,07FL352,sib/self,NULL,NULL,NULL,(B73×CML322)S5 RIL#66,NULL,0,NULL,06A0188,NULL,NULL
07FL0354_000b,NULL,NOID,07FL,Z006E0069,07FL354,07FL354,sib/self,NULL,NULL,NULL,(B73×CML322)S5 RIL#69,NULL,0,NULL,06A0174,NULL,NULL
07FL0355_000b,NULL,NOID,07FL,Z006E0072,07FL355,07FL355,sib/self,NULL,NULL,NULL,(B73×CML322)S5 RIL#72,NULL,0,NULL,06A0077,NULL,NULL
07FL0356_000b,NULL,NOID,07FL,Z006E0073,07FL356,07FL356,sib/self,NULL,NULL,NULL,(B73×CML322)S5 RIL#73,NULL,0,NULL,06A0030,NULL,NULL
07FL0357_000b,NULL,NOID,07FL,Z006E0077,07FL357,07FL357,sib/self,NULL,NULL,NULL,(B73×CML322)S5 RIL#77,NULL,0,NULL,06A0048,NULL,NULL
07FL0358_000b,NULL,NOID,07FL,Z006E0078,07FL358,07FL358,sib/self,NULL,NULL,NULL,(B73×CML322)S5 RIL#78,NULL,0,NULL,06A0103,NULL,NULL
07FL0360_000b,NULL,NOID,07FL,Z006E0080,07FL360,07FL360,sib/self,NULL,NULL,NULL,(B73×CML322)S5 RIL#80,NULL,0,NULL,06A0031,NULL,NULL
07FL0361_000b,NULL,NOID,07FL,Z006E0081,07FL361,07FL361,sib/self,NULL,NULL,NULL,(B73×CML322)S5 RIL#81,NULL,0,NULL,06A0217,NULL,NULL
07FL0363_000b,NULL,NOID,07FL,Z006E0085,07FL363,07FL363,sib/self,NULL,NULL,NULL,(B73×CML322)S5 RIL#85,NULL,0,NULL,06A0151,NULL,NULL
07FL0364_000b,NULL,NOID,07FL,Z006E0086,07FL364,07FL364,sib/self,NULL,NULL,NULL,(B73×CML322)S5 RIL#86,NULL,0,NULL,06A0107,NULL,NULL
07FL0365_000b,NULL,NOID,07FL,Z006E0087,07FL365,07FL365,sib/self,NULL,NULL,NULL,(B73×CML322)S5 RIL#87,NULL,0,NULL,06A0063,NULL,NULL
07FL0366_000b,NULL,NOID,07FL,Z006E0090,07FL366,07FL366,sib/self,NULL,NULL,NULL,(B73×CML322)S5 RIL#90,NULL,0,NULL,06A0071,NULL,NULL
07FL0367_000b,NULL,NOID,07FL,Z006E0091,07FL367,07FL367,sib/self,NULL,NULL,NULL,(B73×CML322)S5 RIL#91,NULL,0,NULL,06A0193,NULL,NULL
07FL0368_000b,NULL,NOID,07FL,Z006E0092,07FL368,07FL368,sib/self,NULL,NULL,NULL,(B73×CML322)S5 RIL#92,NULL,0,NULL,06A0180,NULL,NULL
07FL0369_000b,NULL,NOID,07FL,Z006E0093,07FL369,07FL369,sib/self,NULL,NULL,NULL,(B73×CML322)S5 RIL#93,NULL,0,NULL,06A0122,NULL,NULL
07FL0370_000b,NULL,NOID,07FL,Z006E0094,07FL370,07FL370,sib/self,NULL,NULL,NULL,(B73×CML322)S5 RIL#94,NULL,0,NULL,06A0206,NULL,NULL
07FL0371_000b,NULL,NOID,07FL,Z006E0101,07FL371,07FL371,sib/self,NULL,NULL,NULL,(B73×CML322)S5 RIL#101,NULL,0,NULL,06A0163,NULL,NULL
07FL0372_000b,NULL,NOID,07FL,Z006E0103,07FL372,07FL372,sib/self,NULL,NULL,NULL,(B73×CML322)S5 RIL#103,NULL,0,NULL,06A0125,NULL,NULL
07FL0373_000b,NULL,NOID,07FL,Z006E0106,07FL373,07FL373,sib/self,NULL,NULL,NULL,(B73×CML322)S5 RIL#106,NULL,0,NULL,06A0078,NULL,NULL
07FL0374_000b,NULL,NOID,07FL,Z006E0108,07FL374,07FL374,sib/self,NULL,NULL,NULL,(B73×CML322)S5 RIL#108,NULL,0,NULL,06A0186,NULL,NULL
07FL0376_000b,NULL,NOID,07FL,Z006E0113,07FL376,07FL376,sib/self,NULL,NULL,NULL,(B73×CML322)S5 RIL#113,NULL,0,NULL,06A0162,NULL,NULL
07FL0377_000b,NULL,NOID,07FL,Z006E0114,07FL377,07FL377,sib/self,NULL,NULL,NULL,(B73×CML322)S5 RIL#114,NULL,0,NULL,06A0051,NULL,NULL
07FL0379_000b,NULL,NOID,07FL,Z006E0119,07FL379,07FL379,sib/self,NULL,NULL,NULL,(B73×CML322)S5 RIL#119,NULL,0,NULL,06A0133,NULL,NULL
07FL0380_000b,NULL,NOID,07FL,Z006E0121,07FL380,07FL380,sib/self,NULL,NULL,NULL,(B73×CML322)S5 RIL#121,NULL,0,NULL,06A0165,NULL,NULL
07FL0381_000b,NULL,NOID,07FL,Z006E0122,07FL381,07FL381,sib/self,NULL,NULL,NULL,(B73×CML322)S5 RIL#122,NULL,0,NULL,06A0166,NULL,NULL
07FL0382_000b,NULL,NOID,07FL,Z006E0124,07FL382,07FL382,sib/self,NULL,NULL,NULL,(B73×CML322)S5 RIL#124,NULL,0,NULL,06A0146,NULL,NULL
07FL0383_000b,NULL,NOID,07FL,Z006E0125,07FL383,07FL383,sib/self,NULL,NULL,NULL,(B73×CML322)S5 RIL#125,NULL,0,NULL,06A0050,NULL,NULL
07FL0384_000b,NULL,NOID,07FL,Z006E0126,07FL384,07FL384,sib/self,NULL,NULL,NULL,(B73×CML322)S5 RIL#126,NULL,0,NULL,06A0155,NULL,NULL
07FL0385_000b,NULL,NOID,07FL,Z006E0127,07FL385,07FL385,sib/self,NULL,NULL,NULL,(B73×CML322)S5 RIL#127,NULL,0,NULL,06A0060,NULL,NULL
07FL0386_000b,NULL,NOID,07FL,Z006E0128,07FL386,07FL386,sib/self,NULL,NULL,NULL,(B73×CML322)S5 RIL#128,NULL,0,NULL,06A0175,NULL,NULL
07FL0387_000b,NULL,NOID,07FL,Z006E0129,07FL387,07FL387,sib/self,NULL,NULL,NULL,(B73×CML322)S5 RIL#129,NULL,0,NULL,06A0135,NULL,NULL
07FL0389_000b,NULL,NOID,07FL,Z006E0135,07FL389,07FL389,sib/self,NULL,NULL,NULL,(B73×CML322)S5 RIL#135,NULL,0,NULL,06A0004,NULL,NULL
07FL0390_000b,NULL,NOID,07FL,Z006E0137,07FL390,07FL390,sib/self,NULL,NULL,NULL,(B73×CML322)S5 RIL#137,NULL,0,NULL,06A0074,NULL,NULL
07FL0392_000b,NULL,NOID,07FL,Z006E0140,07FL392,07FL392,sib/self,NULL,NULL,NULL,(B73×CML322)S5 RIL#140,NULL,0,NULL,06A0141,NULL,NULL
07FL0393_000b,NULL,NOID,07FL,Z006E0143,07FL393,07FL393,sib/self,NULL,NULL,NULL,(B73×CML322)S5 RIL#143,NULL,0,NULL,06A0079,NULL,NULL
07FL0395_000b,NULL,NOID,07FL,Z006E0146,07FL395,07FL395,sib/self,NULL,NULL,NULL,(B73×CML322)S5 RIL#146,NULL,0,NULL,06A0054,NULL,NULL
07FL0396_000b,NULL,NOID,07FL,Z006E0147,07FL396,07FL396,sib/self,NULL,NULL,NULL,(B73×CML322)S5 RIL#147,NULL,0,NULL,06A0085,NULL,NULL
07FL0397_000b,NULL,NOID,07FL,Z006E0148,07FL397,07FL397,sib/self,NULL,NULL,NULL,(B73×CML322)S5 RIL#148,NULL,0,NULL,06A0205,NULL,NULL
07FL0398_000b,NULL,NOID,07FL,Z006E0149,07FL398,07FL398,sib/self,NULL,NULL,NULL,(B73×CML322)S5 RIL#149,NULL,0,NULL,06A0200,NULL,NULL
07FL0400_000b,NULL,NOID,07FL,Z006E0151,07FL400,07FL400,sib/self,NULL,NULL,NULL,(B73×CML322)S5 RIL#151,NULL,0,NULL,06A0097,NULL,NULL
07FL0401_000b,NULL,NOID,07FL,Z006E0152,07FL401,07FL401,sib/self,NULL,NULL,NULL,(B73×CML322)S5 RIL#152,NULL,0,NULL,06A0168,NULL,NULL
07FL0402_000b,NULL,NOID,07FL,Z006E0153,07FL402,07FL402,sib/self,NULL,NULL,NULL,(B73×CML322)S5 RIL#153,NULL,0,NULL,06A0010,NULL,NULL
07FL0404_000b,NULL,NOID,07FL,Z006E0157,07FL404,07FL404,sib/self,NULL,NULL,NULL,(B73×CML322)S5 RIL#157,NULL,0,NULL,06A0062,NULL,NULL
07FL0408_000b,NULL,NOID,07FL,Z006E0163,07FL408,07FL408,sib/self,NULL,NULL,NULL,(B73×CML322)S5 RIL#163,NULL,0,NULL,06A0164,NULL,NULL
07FL0409_000b,NULL,NOID,07FL,Z006E0166,07FL409,07FL409,sib/self,NULL,NULL,NULL,(B73×CML322)S5 RIL#166,NULL,0,NULL,06A0045,NULL,NULL
07FL0411_000b,NULL,NOID,07FL,Z006E0168,07FL411,07FL411,sib/self,NULL,NULL,NULL,(B73×CML322)S5 RIL#168,NULL,0,NULL,06A0029,NULL,NULL
07FL0412_000b,NULL,NOID,07FL,Z006E0169,07FL412,07FL412,sib/self,NULL,NULL,NULL,(B73×CML322)S5 RIL#169,NULL,0,NULL,06A0161,NULL,NULL
07FL0413_000b,NULL,NOID,07FL,Z006E0171,07FL413,07FL413,sib/self,NULL,NULL,NULL,(B73×CML322)S5 RIL#171,NULL,0,NULL,06A0142,NULL,NULL
07FL0414_000b,NULL,NOID,07FL,Z006E0173,07FL414,07FL414,sib/self,NULL,NULL,NULL,(B73×CML322)S5 RIL#173,NULL,0,NULL,06A0210,NULL,NULL
07FL0416_000b,NULL,NOID,07FL,Z006E0176,07FL416,07FL416,sib/self,NULL,NULL,NULL,(B73×CML322)S5 RIL#176,NULL,0,NULL,06A0208,NULL,NULL
07FL0417_000b,NULL,NOID,07FL,Z006E0178,07FL417,07FL417,sib/self,NULL,NULL,NULL,(B73×CML322)S5 RIL#178,NULL,0,NULL,06A0202,NULL,NULL
07FL0419_000b,NULL,NOID,07FL,Z006E0183,07FL419,07FL419,sib/self,NULL,NULL,NULL,(B73×CML322)S5 RIL#183,NULL,0,NULL,06A0159,NULL,NULL
07FL0420_000b,NULL,NOID,07FL,Z006E0185,07FL420,07FL420,sib/self,NULL,NULL,NULL,(B73×CML322)S5 RIL#185,NULL,0,NULL,06A0056,NULL,NULL
07FL0421_000b,NULL,NOID,07FL,Z006E0186,07FL421,07FL421,sib/self,NULL,NULL,NULL,(B73×CML322)S5 RIL#186,NULL,0,NULL,06A0039,NULL,NULL
07FL0422_000b,NULL,NOID,07FL,Z006E0188,07FL422,07FL422,sib/self,NULL,NULL,NULL,(B73×CML322)S5 RIL#188,NULL,0,NULL,06A0213,NULL,NULL
07FL0424_000b,NULL,NOID,07FL,Z006E0192,07FL424,07FL424,sib/self,NULL,NULL,NULL,(B73×CML322)S5 RIL#192,NULL,0,NULL,06A0158,NULL,NULL
07FL0425_000b,NULL,NOID,07FL,Z006E0194,07FL425,07FL425,sib/self,NULL,NULL,NULL,(B73×CML322)S5 RIL#194,NULL,0,NULL,06A0058,NULL,NULL
07FL0426_000b,NULL,NOID,07FL,Z006E0197,07FL426,07FL426,sib/self,NULL,NULL,NULL,(B73×CML322)S5 RIL#197,NULL,0,NULL,06A0083,NULL,NULL
07FL0427_000b,NULL,NOID,07FL,Z006E0199,07FL427,07FL427,sib/self,NULL,NULL,NULL,(B73×CML322)S5 RIL#199,NULL,0,NULL,06A0047,NULL,NULL
07FL0428_000b,NULL,NOID,07FL,Z006E0200,07FL428,07FL428,sib/self,NULL,NULL,NULL,(B73×CML322)S5 RIL#200,NULL,0,NULL,06A0091,NULL,NULL